[
{
  "model": "admin.logentry",
  "pk": 1,
  "fields": {
    "action_time": "2021-03-11T11:26:34.304Z",
    "user": 1,
    "content_type": 7,
    "object_id": "1",
    "object_repr": "en",
    "action_flag": 1,
    "change_message": "[{\"added\": {}}]"
  }
},
{
  "model": "admin.logentry",
  "pk": 2,
  "fields": {
    "action_time": "2021-03-11T11:26:44.479Z",
    "user": 1,
    "content_type": 8,
    "object_id": "Question",
    "object_repr": "Question",
    "action_flag": 1,
    "change_message": "[{\"added\": {}}]"
  }
},
{
  "model": "admin.logentry",
  "pk": 3,
  "fields": {
    "action_time": "2021-03-11T11:26:46.174Z",
    "user": 1,
    "content_type": 9,
    "object_id": "1",
    "object_repr": "Question: Age",
    "action_flag": 1,
    "change_message": "[{\"added\": {}}]"
  }
},
{
  "model": "admin.logentry",
  "pk": 4,
  "fields": {
    "action_time": "2021-03-11T11:26:51.181Z",
    "user": 1,
    "content_type": 10,
    "object_id": "1",
    "object_repr": "Question: age (en)",
    "action_flag": 1,
    "change_message": "[{\"added\": {}}]"
  }
},
{
  "model": "admin.logentry",
  "pk": 5,
  "fields": {
    "action_time": "2021-03-11T13:16:14.525Z",
    "user": 1,
    "content_type": 9,
    "object_id": "2",
    "object_repr": "Question: Height",
    "action_flag": 1,
    "change_message": "[{\"added\": {}}]"
  }
},
{
  "model": "admin.logentry",
  "pk": 6,
  "fields": {
    "action_time": "2021-03-11T13:16:29.896Z",
    "user": 1,
    "content_type": 10,
    "object_id": "2",
    "object_repr": "Question: height (en)",
    "action_flag": 1,
    "change_message": "[{\"added\": {}}]"
  }
},
{
  "model": "admin.logentry",
  "pk": 7,
  "fields": {
    "action_time": "2021-03-11T13:16:43.021Z",
    "user": 1,
    "content_type": 7,
    "object_id": "2",
    "object_repr": "no",
    "action_flag": 1,
    "change_message": "[{\"added\": {}}]"
  }
},
{
  "model": "admin.logentry",
  "pk": 8,
  "fields": {
    "action_time": "2021-03-11T13:17:29.919Z",
    "user": 1,
    "content_type": 10,
    "object_id": "3",
    "object_repr": "Question: height (no)",
    "action_flag": 1,
    "change_message": "[{\"added\": {}}]"
  }
},
{
  "model": "admin.logentry",
  "pk": 9,
  "fields": {
    "action_time": "2021-03-11T13:25:28.410Z",
    "user": 1,
    "content_type": 10,
    "object_id": "1",
    "object_repr": "Question: age (en)",
    "action_flag": 2,
    "change_message": "[{\"changed\": {\"fields\": [\"Text\"]}}]"
  }
},
{
  "model": "admin.logentry",
  "pk": 10,
  "fields": {
    "action_time": "2021-03-11T13:26:00.337Z",
    "user": 1,
    "content_type": 10,
    "object_id": "4",
    "object_repr": "Question: age (no)",
    "action_flag": 1,
    "change_message": "[{\"added\": {}}]"
  }
},
{
  "model": "admin.logentry",
  "pk": 11,
  "fields": {
    "action_time": "2021-03-11T13:26:21.200Z",
    "user": 1,
    "content_type": 7,
    "object_id": "3",
    "object_repr": "fr",
    "action_flag": 1,
    "change_message": "[{\"added\": {}}]"
  }
},
{
  "model": "admin.logentry",
  "pk": 12,
  "fields": {
    "action_time": "2021-03-11T13:26:47.380Z",
    "user": 1,
    "content_type": 8,
    "object_id": "Text",
    "object_repr": "Text",
    "action_flag": 1,
    "change_message": "[{\"added\": {}}]"
  }
},
{
  "model": "admin.logentry",
  "pk": 13,
  "fields": {
    "action_time": "2021-03-11T13:26:48.796Z",
    "user": 1,
    "content_type": 9,
    "object_id": "3",
    "object_repr": "Text: Front page paragraph 1",
    "action_flag": 1,
    "change_message": "[{\"added\": {}}]"
  }
},
{
  "model": "admin.logentry",
  "pk": 14,
  "fields": {
    "action_time": "2021-03-11T13:27:06.210Z",
    "user": 1,
    "content_type": 10,
    "object_id": "5",
    "object_repr": "Text: front page paragraph 1 (en)",
    "action_flag": 1,
    "change_message": "[{\"added\": {}}]"
  }
},
{
  "model": "admin.logentry",
  "pk": 15,
  "fields": {
    "action_time": "2021-03-11T13:27:32.934Z",
    "user": 1,
    "content_type": 8,
    "object_id": "List",
    "object_repr": "List",
    "action_flag": 1,
    "change_message": "[{\"added\": {}}]"
  }
},
{
  "model": "admin.logentry",
  "pk": 16,
  "fields": {
    "action_time": "2021-03-11T13:28:28.686Z",
    "user": 1,
    "content_type": 10,
    "object_id": "6",
    "object_repr": "Question: age (fr)",
    "action_flag": 1,
    "change_message": "[{\"added\": {}}]"
  }
},
{
  "model": "admin.logentry",
  "pk": 17,
  "fields": {
    "action_time": "2021-03-11T13:31:52.708Z",
    "user": 1,
    "content_type": 4,
    "object_id": "1",
    "object_repr": "admin",
    "action_flag": 2,
    "change_message": "[{\"changed\": {\"fields\": [\"Username\"]}}]"
  }
},
{
  "model": "admin.logentry",
  "pk": 18,
  "fields": {
    "action_time": "2021-03-11T23:04:08.060Z",
    "user": 1,
    "content_type": 11,
    "object_id": "integer",
    "object_repr": "AnswerType object (integer)",
    "action_flag": 1,
    "change_message": "[{\"added\": {}}]"
  }
},
{
  "model": "admin.logentry",
  "pk": 19,
  "fields": {
    "action_time": "2021-03-11T23:07:06.066Z",
    "user": 1,
    "content_type": 12,
    "object_id": "age",
    "object_repr": "age (integer)",
    "action_flag": 1,
    "change_message": "[{\"added\": {}}]"
  }
},
{
  "model": "admin.logentry",
  "pk": 20,
  "fields": {
    "action_time": "2021-03-11T23:07:18.126Z",
    "user": 1,
    "content_type": 12,
    "object_id": "age",
    "object_repr": "age (integer)",
    "action_flag": 2,
    "change_message": "[{\"changed\": {\"fields\": [\"Parent factor\"]}}]"
  }
},
{
  "model": "admin.logentry",
  "pk": 21,
  "fields": {
    "action_time": "2021-03-11T23:07:21.895Z",
    "user": 1,
    "content_type": 12,
    "object_id": "age",
    "object_repr": "age (integer)",
    "action_flag": 2,
    "change_message": "[{\"changed\": {\"fields\": [\"Parent factor\"]}}]"
  }
},
{
  "model": "admin.logentry",
  "pk": 22,
  "fields": {
    "action_time": "2021-03-11T23:08:38.926Z",
    "user": 1,
    "content_type": 9,
    "object_id": "4",
    "object_repr": "Question: parity",
    "action_flag": 1,
    "change_message": "[{\"added\": {}}]"
  }
},
{
  "model": "admin.logentry",
  "pk": 23,
  "fields": {
    "action_time": "2021-03-11T23:08:50.037Z",
    "user": 1,
    "content_type": 11,
    "object_id": "boolean",
    "object_repr": "boolean",
    "action_flag": 1,
    "change_message": "[{\"added\": {}}]"
  }
},
{
  "model": "admin.logentry",
  "pk": 24,
  "fields": {
    "action_time": "2021-03-11T23:09:03.779Z",
    "user": 1,
    "content_type": 12,
    "object_id": "parity",
    "object_repr": "parity (boolean)",
    "action_flag": 1,
    "change_message": "[{\"added\": {}}]"
  }
},
{
  "model": "admin.logentry",
  "pk": 25,
  "fields": {
    "action_time": "2021-03-11T23:09:35.908Z",
    "user": 1,
    "content_type": 9,
    "object_id": "5",
    "object_repr": "Question: diabetes",
    "action_flag": 1,
    "change_message": "[{\"added\": {}}]"
  }
},
{
  "model": "admin.logentry",
  "pk": 26,
  "fields": {
    "action_time": "2021-03-11T23:10:17.415Z",
    "user": 1,
    "content_type": 12,
    "object_id": "diabetes",
    "object_repr": "diabetes (boolean)",
    "action_flag": 1,
    "change_message": "[{\"added\": {}}]"
  }
},
{
  "model": "admin.logentry",
  "pk": 27,
  "fields": {
    "action_time": "2021-03-11T23:11:07.807Z",
    "user": 1,
    "content_type": 10,
    "object_id": "7",
    "object_repr": "Question: parity (en)",
    "action_flag": 1,
    "change_message": "[{\"added\": {}}]"
  }
},
{
  "model": "admin.logentry",
  "pk": 28,
  "fields": {
    "action_time": "2021-03-11T23:11:28.766Z",
    "user": 1,
    "content_type": 10,
    "object_id": "8",
    "object_repr": "Question: diabetes (en)",
    "action_flag": 1,
    "change_message": "[{\"added\": {}}]"
  }
},
{
  "model": "admin.logentry",
  "pk": 29,
  "fields": {
    "action_time": "2021-03-12T08:49:55.382Z",
    "user": 1,
    "content_type": 10,
    "object_id": "7",
    "object_repr": "Question: parity (en)",
    "action_flag": 2,
    "change_message": "[]"
  }
},
{
  "model": "admin.logentry",
  "pk": 30,
  "fields": {
    "action_time": "2021-03-12T11:32:05.166Z",
    "user": 1,
    "content_type": 12,
    "object_id": "parity",
    "object_repr": "parity (integer)",
    "action_flag": 2,
    "change_message": "[{\"changed\": {\"fields\": [\"Answertype\"]}}]"
  }
},
{
  "model": "admin.logentry",
  "pk": 31,
  "fields": {
    "action_time": "2021-03-12T11:33:24.122Z",
    "user": 1,
    "content_type": 12,
    "object_id": "gdm",
    "object_repr": "gdm (boolean)",
    "action_flag": 2,
    "change_message": "[{\"changed\": {\"fields\": [\"Factor name\"]}}]"
  }
},
{
  "model": "admin.logentry",
  "pk": 32,
  "fields": {
    "action_time": "2021-03-12T11:34:20.166Z",
    "user": 1,
    "content_type": 12,
    "object_id": "diabetes",
    "object_repr": "diabetes (boolean)",
    "action_flag": 3,
    "change_message": ""
  }
},
{
  "model": "admin.logentry",
  "pk": 33,
  "fields": {
    "action_time": "2021-03-12T11:34:33.022Z",
    "user": 1,
    "content_type": 12,
    "object_id": "gdm",
    "object_repr": "gdm (boolean)",
    "action_flag": 2,
    "change_message": "[]"
  }
},
{
  "model": "admin.logentry",
  "pk": 34,
  "fields": {
    "action_time": "2021-03-12T11:36:01.674Z",
    "user": 1,
    "content_type": 9,
    "object_id": "6",
    "object_repr": "Question: gdm",
    "action_flag": 1,
    "change_message": "[{\"added\": {}}]"
  }
},
{
  "model": "admin.logentry",
  "pk": 35,
  "fields": {
    "action_time": "2021-03-12T11:36:27.674Z",
    "user": 1,
    "content_type": 9,
    "object_id": "6",
    "object_repr": "Question: congenital",
    "action_flag": 2,
    "change_message": "[{\"changed\": {\"fields\": [\"Name\"]}}]"
  }
},
{
  "model": "admin.logentry",
  "pk": 36,
  "fields": {
    "action_time": "2021-03-12T11:36:50.821Z",
    "user": 1,
    "content_type": 12,
    "object_id": "congenital",
    "object_repr": "congenital (boolean)",
    "action_flag": 1,
    "change_message": "[{\"added\": {}}]"
  }
},
{
  "model": "admin.logentry",
  "pk": 37,
  "fields": {
    "action_time": "2021-03-12T11:37:54.539Z",
    "user": 1,
    "content_type": 10,
    "object_id": "9",
    "object_repr": "Question: congenital (en)",
    "action_flag": 1,
    "change_message": "[{\"added\": {}}]"
  }
},
{
  "model": "admin.logentry",
  "pk": 38,
  "fields": {
    "action_time": "2021-03-12T11:38:12.698Z",
    "user": 1,
    "content_type": 9,
    "object_id": "7",
    "object_repr": "Question: stillbirth",
    "action_flag": 1,
    "change_message": "[{\"added\": {}}]"
  }
},
{
  "model": "admin.logentry",
  "pk": 39,
  "fields": {
    "action_time": "2021-03-12T11:38:15.518Z",
    "user": 1,
    "content_type": 10,
    "object_id": "10",
    "object_repr": "Question: stillbirth (en)",
    "action_flag": 1,
    "change_message": "[{\"added\": {}}]"
  }
},
{
  "model": "admin.logentry",
  "pk": 40,
  "fields": {
    "action_time": "2021-03-12T11:39:00.224Z",
    "user": 1,
    "content_type": 9,
    "object_id": "8",
    "object_repr": "Question: miscarriage",
    "action_flag": 1,
    "change_message": "[{\"added\": {}}]"
  }
},
{
  "model": "admin.logentry",
  "pk": 41,
  "fields": {
    "action_time": "2021-03-12T11:39:03.182Z",
    "user": 1,
    "content_type": 10,
    "object_id": "11",
    "object_repr": "Question: miscarriage (en)",
    "action_flag": 1,
    "change_message": "[{\"added\": {}}]"
  }
},
{
  "model": "admin.logentry",
  "pk": 42,
  "fields": {
    "action_time": "2021-03-12T11:39:44.665Z",
    "user": 1,
    "content_type": 12,
    "object_id": "stillbirth",
    "object_repr": "stillbirth (boolean)",
    "action_flag": 1,
    "change_message": "[{\"added\": {}}]"
  }
},
{
  "model": "admin.logentry",
  "pk": 43,
  "fields": {
    "action_time": "2021-03-12T11:39:56.496Z",
    "user": 1,
    "content_type": 12,
    "object_id": "miscarriage",
    "object_repr": "miscarriage (boolean)",
    "action_flag": 1,
    "change_message": "[{\"added\": {}}]"
  }
},
{
  "model": "admin.logentry",
  "pk": 44,
  "fields": {
    "action_time": "2021-03-12T12:52:16.037Z",
    "user": 1,
    "content_type": 12,
    "object_id": "miscarriage",
    "object_repr": "miscarriage (boolean)",
    "action_flag": 2,
    "change_message": "[{\"changed\": {\"fields\": [\"Parent factor\"]}}]"
  }
},
{
  "model": "admin.logentry",
  "pk": 45,
  "fields": {
    "action_time": "2021-03-12T12:52:22.412Z",
    "user": 1,
    "content_type": 12,
    "object_id": "gdm",
    "object_repr": "gdm (boolean)",
    "action_flag": 2,
    "change_message": "[]"
  }
},
{
  "model": "admin.logentry",
  "pk": 46,
  "fields": {
    "action_time": "2021-03-12T12:52:28.329Z",
    "user": 1,
    "content_type": 12,
    "object_id": "congenital",
    "object_repr": "congenital (boolean)",
    "action_flag": 2,
    "change_message": "[{\"changed\": {\"fields\": [\"Parent factor\"]}}]"
  }
},
{
  "model": "admin.logentry",
  "pk": 47,
  "fields": {
    "action_time": "2021-03-16T14:54:35.298Z",
    "user": 1,
    "content_type": 9,
    "object_id": "9",
    "object_repr": "Question: preterm",
    "action_flag": 1,
    "change_message": "[{\"added\": {}}]"
  }
},
{
  "model": "admin.logentry",
  "pk": 48,
  "fields": {
    "action_time": "2021-03-16T14:54:59.980Z",
    "user": 1,
    "content_type": 9,
    "object_id": "10",
    "object_repr": "Question: macrosomia",
    "action_flag": 1,
    "change_message": "[{\"added\": {}}]"
  }
},
{
  "model": "admin.logentry",
  "pk": 49,
  "fields": {
    "action_time": "2021-03-16T14:55:14.479Z",
    "user": 1,
    "content_type": 9,
    "object_id": "11",
    "object_repr": "Question: weight",
    "action_flag": 1,
    "change_message": "[{\"added\": {}}]"
  }
},
{
  "model": "admin.logentry",
  "pk": 50,
  "fields": {
    "action_time": "2021-03-16T14:55:25.282Z",
    "user": 1,
    "content_type": 9,
    "object_id": "12",
    "object_repr": "Question: white",
    "action_flag": 1,
    "change_message": "[{\"added\": {}}]"
  }
},
{
  "model": "admin.logentry",
  "pk": 51,
  "fields": {
    "action_time": "2021-03-16T14:55:41.027Z",
    "user": 1,
    "content_type": 9,
    "object_id": "13",
    "object_repr": "Question: family_diabetes",
    "action_flag": 1,
    "change_message": "[{\"added\": {}}]"
  }
},
{
  "model": "admin.logentry",
  "pk": 52,
  "fields": {
    "action_time": "2021-03-16T14:55:53.398Z",
    "user": 1,
    "content_type": 9,
    "object_id": "14",
    "object_repr": "Question: polycystic",
    "action_flag": 1,
    "change_message": "[{\"added\": {}}]"
  }
},
{
  "model": "admin.logentry",
  "pk": 53,
  "fields": {
    "action_time": "2021-03-16T14:56:01.980Z",
    "user": 1,
    "content_type": 9,
    "object_id": "15",
    "object_repr": "Question: blood_pressure_family",
    "action_flag": 1,
    "change_message": "[{\"added\": {}}]"
  }
},
{
  "model": "admin.logentry",
  "pk": 54,
  "fields": {
    "action_time": "2021-03-16T14:56:12.273Z",
    "user": 1,
    "content_type": 9,
    "object_id": "16",
    "object_repr": "Question: blood_pressure_not_family",
    "action_flag": 1,
    "change_message": "[{\"added\": {}}]"
  }
},
{
  "model": "admin.logentry",
  "pk": 55,
  "fields": {
    "action_time": "2021-03-16T14:56:20.905Z",
    "user": 1,
    "content_type": 9,
    "object_id": "17",
    "object_repr": "Question: diet_not_varied",
    "action_flag": 1,
    "change_message": "[{\"added\": {}}]"
  }
},
{
  "model": "admin.logentry",
  "pk": 56,
  "fields": {
    "action_time": "2021-03-16T14:56:30.873Z",
    "user": 1,
    "content_type": 9,
    "object_id": "18",
    "object_repr": "Question: diet_sugar",
    "action_flag": 1,
    "change_message": "[{\"added\": {}}]"
  }
},
{
  "model": "admin.logentry",
  "pk": 57,
  "fields": {
    "action_time": "2021-03-16T14:56:40.018Z",
    "user": 1,
    "content_type": 9,
    "object_id": "19",
    "object_repr": "Question: diet_processed_meat",
    "action_flag": 1,
    "change_message": "[{\"added\": {}}]"
  }
},
{
  "model": "admin.logentry",
  "pk": 58,
  "fields": {
    "action_time": "2021-03-16T14:56:48.596Z",
    "user": 1,
    "content_type": 9,
    "object_id": "20",
    "object_repr": "Question: diet_whole_grain",
    "action_flag": 1,
    "change_message": "[{\"added\": {}}]"
  }
},
{
  "model": "admin.logentry",
  "pk": 59,
  "fields": {
    "action_time": "2021-03-16T14:56:57.879Z",
    "user": 1,
    "content_type": 9,
    "object_id": "21",
    "object_repr": "Question: diet_diary",
    "action_flag": 1,
    "change_message": "[{\"added\": {}}]"
  }
},
{
  "model": "admin.logentry",
  "pk": 60,
  "fields": {
    "action_time": "2021-03-16T14:57:10.553Z",
    "user": 1,
    "content_type": 9,
    "object_id": "22",
    "object_repr": "Question: diet_vitamin_d",
    "action_flag": 1,
    "change_message": "[{\"added\": {}}]"
  }
},
{
  "model": "admin.logentry",
  "pk": 61,
  "fields": {
    "action_time": "2021-03-16T14:57:20.194Z",
    "user": 1,
    "content_type": 9,
    "object_id": "23",
    "object_repr": "Question: activity_walking_minute",
    "action_flag": 1,
    "change_message": "[{\"added\": {}}]"
  }
},
{
  "model": "admin.logentry",
  "pk": 62,
  "fields": {
    "action_time": "2021-03-16T14:57:37.999Z",
    "user": 1,
    "content_type": 9,
    "object_id": "24",
    "object_repr": "Question: activity_vigorous",
    "action_flag": 1,
    "change_message": "[{\"added\": {}}]"
  }
},
{
  "model": "admin.logentry",
  "pk": 63,
  "fields": {
    "action_time": "2021-03-16T14:58:22.776Z",
    "user": 1,
    "content_type": 9,
    "object_id": "25",
    "object_repr": "Question: activity_stairs",
    "action_flag": 1,
    "change_message": "[{\"added\": {}}]"
  }
},
{
  "model": "admin.logentry",
  "pk": 64,
  "fields": {
    "action_time": "2021-03-16T15:01:23.552Z",
    "user": 1,
    "content_type": 12,
    "object_id": "preterm",
    "object_repr": "preterm (boolean)",
    "action_flag": 1,
    "change_message": "[{\"added\": {}}]"
  }
},
{
  "model": "admin.logentry",
  "pk": 65,
  "fields": {
    "action_time": "2021-03-16T15:02:56.025Z",
    "user": 1,
    "content_type": 12,
    "object_id": "preterm",
    "object_repr": "preterm (boolean)",
    "action_flag": 2,
    "change_message": "[{\"changed\": {\"fields\": [\"Parent factor\"]}}]"
  }
},
{
  "model": "admin.logentry",
  "pk": 66,
  "fields": {
    "action_time": "2021-03-16T15:03:38.007Z",
    "user": 1,
    "content_type": 12,
    "object_id": "macrosomia",
    "object_repr": "macrosomia (boolean)",
    "action_flag": 1,
    "change_message": "[{\"added\": {}}]"
  }
},
{
  "model": "admin.logentry",
  "pk": 67,
  "fields": {
    "action_time": "2021-03-16T15:04:33.968Z",
    "user": 1,
    "content_type": 12,
    "object_id": "height",
    "object_repr": "height (integer)",
    "action_flag": 1,
    "change_message": "[{\"added\": {}}]"
  }
},
{
  "model": "admin.logentry",
  "pk": 68,
  "fields": {
    "action_time": "2021-03-16T15:05:05.902Z",
    "user": 1,
    "content_type": 12,
    "object_id": "weight",
    "object_repr": "weight (integer)",
    "action_flag": 1,
    "change_message": "[{\"added\": {}}]"
  }
},
{
  "model": "admin.logentry",
  "pk": 69,
  "fields": {
    "action_time": "2021-03-16T15:06:20.789Z",
    "user": 1,
    "content_type": 12,
    "object_id": "white",
    "object_repr": "white (boolean)",
    "action_flag": 1,
    "change_message": "[{\"added\": {}}]"
  }
},
{
  "model": "admin.logentry",
  "pk": 70,
  "fields": {
    "action_time": "2021-03-16T15:06:41.916Z",
    "user": 1,
    "content_type": 9,
    "object_id": "12",
    "object_repr": "Question: ethnicity",
    "action_flag": 2,
    "change_message": "[{\"changed\": {\"fields\": [\"Name\"]}}]"
  }
},
{
  "model": "admin.logentry",
  "pk": 71,
  "fields": {
    "action_time": "2021-03-16T15:06:50.709Z",
    "user": 1,
    "content_type": 12,
    "object_id": "white",
    "object_repr": "white (boolean)",
    "action_flag": 2,
    "change_message": "[]"
  }
},
{
  "model": "admin.logentry",
  "pk": 72,
  "fields": {
    "action_time": "2021-03-16T15:08:00.563Z",
    "user": 1,
    "content_type": 12,
    "object_id": "family_diabetes",
    "object_repr": "family_diabetes (boolean)",
    "action_flag": 1,
    "change_message": "[{\"added\": {}}]"
  }
},
{
  "model": "admin.logentry",
  "pk": 73,
  "fields": {
    "action_time": "2021-03-16T15:08:23.237Z",
    "user": 1,
    "content_type": 12,
    "object_id": "polycystic",
    "object_repr": "polycystic (boolean)",
    "action_flag": 1,
    "change_message": "[{\"added\": {}}]"
  }
},
{
  "model": "admin.logentry",
  "pk": 74,
  "fields": {
    "action_time": "2021-03-16T15:08:48.104Z",
    "user": 1,
    "content_type": 12,
    "object_id": "blood_pressure_family",
    "object_repr": "blood_pressure_family (boolean)",
    "action_flag": 1,
    "change_message": "[{\"added\": {}}]"
  }
},
{
  "model": "admin.logentry",
  "pk": 75,
  "fields": {
    "action_time": "2021-03-16T15:09:05.318Z",
    "user": 1,
    "content_type": 12,
    "object_id": "blood_pressure_not_family",
    "object_repr": "blood_pressure_not_family (boolean)",
    "action_flag": 1,
    "change_message": "[{\"added\": {}}]"
  }
},
{
  "model": "admin.logentry",
  "pk": 76,
  "fields": {
    "action_time": "2021-03-16T15:09:19.788Z",
    "user": 1,
    "content_type": 12,
    "object_id": "diet_not_varied",
    "object_repr": "diet_not_varied (boolean)",
    "action_flag": 1,
    "change_message": "[{\"added\": {}}]"
  }
},
{
  "model": "admin.logentry",
  "pk": 77,
  "fields": {
    "action_time": "2021-03-16T15:09:48.438Z",
    "user": 1,
    "content_type": 12,
    "object_id": "diet_sugar",
    "object_repr": "diet_sugar (boolean)",
    "action_flag": 1,
    "change_message": "[{\"added\": {}}]"
  }
},
{
  "model": "admin.logentry",
  "pk": 78,
  "fields": {
    "action_time": "2021-03-16T15:10:33.143Z",
    "user": 1,
    "content_type": 12,
    "object_id": "diet_processed_meat",
    "object_repr": "diet_processed_meat (boolean)",
    "action_flag": 1,
    "change_message": "[{\"added\": {}}]"
  }
},
{
  "model": "admin.logentry",
  "pk": 79,
  "fields": {
    "action_time": "2021-03-16T15:10:46.655Z",
    "user": 1,
    "content_type": 12,
    "object_id": "diet_whole_grain",
    "object_repr": "diet_whole_grain (boolean)",
    "action_flag": 1,
    "change_message": "[{\"added\": {}}]"
  }
},
{
  "model": "admin.logentry",
  "pk": 80,
  "fields": {
    "action_time": "2021-03-16T15:11:07.730Z",
    "user": 1,
    "content_type": 12,
    "object_id": "diet_diary",
    "object_repr": "diet_diary (boolean)",
    "action_flag": 1,
    "change_message": "[{\"added\": {}}]"
  }
},
{
  "model": "admin.logentry",
  "pk": 81,
  "fields": {
    "action_time": "2021-03-16T15:11:28.818Z",
    "user": 1,
    "content_type": 12,
    "object_id": "diet_vitamin_d",
    "object_repr": "diet_vitamin_d (boolean)",
    "action_flag": 1,
    "change_message": "[{\"added\": {}}]"
  }
},
{
  "model": "admin.logentry",
  "pk": 82,
  "fields": {
    "action_time": "2021-03-16T15:11:46.258Z",
    "user": 1,
    "content_type": 12,
    "object_id": "activity_walking_minute",
    "object_repr": "activity_walking_minute (boolean)",
    "action_flag": 1,
    "change_message": "[{\"added\": {}}]"
  }
},
{
  "model": "admin.logentry",
  "pk": 83,
  "fields": {
    "action_time": "2021-03-16T15:11:59.959Z",
    "user": 1,
    "content_type": 12,
    "object_id": "activity_vigorous",
    "object_repr": "activity_vigorous (boolean)",
    "action_flag": 1,
    "change_message": "[{\"added\": {}}]"
  }
},
{
  "model": "admin.logentry",
  "pk": 84,
  "fields": {
    "action_time": "2021-03-16T15:12:13.499Z",
    "user": 1,
    "content_type": 12,
    "object_id": "activity_stairs",
    "object_repr": "activity_stairs (boolean)",
    "action_flag": 1,
    "change_message": "[{\"added\": {}}]"
  }
},
{
  "model": "admin.logentry",
  "pk": 85,
  "fields": {
    "action_time": "2021-03-16T15:12:26.791Z",
    "user": 1,
    "content_type": 12,
    "object_id": "parity",
    "object_repr": "parity (integer)",
    "action_flag": 2,
    "change_message": "[]"
  }
},
{
  "model": "admin.logentry",
  "pk": 86,
  "fields": {
    "action_time": "2021-03-16T15:12:35.441Z",
    "user": 1,
    "content_type": 12,
    "object_id": "gdm",
    "object_repr": "gdm (boolean)",
    "action_flag": 2,
    "change_message": "[]"
  }
},
{
  "model": "admin.logentry",
  "pk": 87,
  "fields": {
    "action_time": "2021-03-16T15:12:48.585Z",
    "user": 1,
    "content_type": 12,
    "object_id": "age",
    "object_repr": "age (integer)",
    "action_flag": 2,
    "change_message": "[]"
  }
},
{
  "model": "admin.logentry",
  "pk": 88,
  "fields": {
    "action_time": "2021-03-16T15:12:55.968Z",
    "user": 1,
    "content_type": 12,
    "object_id": "congenital",
    "object_repr": "congenital (boolean)",
    "action_flag": 2,
    "change_message": "[]"
  }
},
{
  "model": "admin.logentry",
  "pk": 89,
  "fields": {
    "action_time": "2021-03-16T15:13:37.545Z",
    "user": 1,
    "content_type": 10,
    "object_id": "2",
    "object_repr": "Question: height (en)",
    "action_flag": 2,
    "change_message": "[]"
  }
},
{
  "model": "admin.logentry",
  "pk": 90,
  "fields": {
    "action_time": "2021-03-16T15:13:46.975Z",
    "user": 1,
    "content_type": 10,
    "object_id": "3",
    "object_repr": "Question: height (no)",
    "action_flag": 2,
    "change_message": "[]"
  }
},
{
  "model": "admin.logentry",
  "pk": 91,
  "fields": {
    "action_time": "2021-03-16T15:13:50.429Z",
    "user": 1,
    "content_type": 10,
    "object_id": "4",
    "object_repr": "Question: age (no)",
    "action_flag": 2,
    "change_message": "[]"
  }
},
{
  "model": "admin.logentry",
  "pk": 92,
  "fields": {
    "action_time": "2021-03-16T15:26:14.649Z",
    "user": 1,
    "content_type": 10,
    "object_id": "12",
    "object_repr": "Question: preterm (en)",
    "action_flag": 1,
    "change_message": "[{\"added\": {}}]"
  }
},
{
  "model": "admin.logentry",
  "pk": 93,
  "fields": {
    "action_time": "2021-03-16T15:26:39.871Z",
    "user": 1,
    "content_type": 10,
    "object_id": "13",
    "object_repr": "Question: macrosomia (en)",
    "action_flag": 1,
    "change_message": "[{\"added\": {}}]"
  }
},
{
  "model": "admin.logentry",
  "pk": 94,
  "fields": {
    "action_time": "2021-03-16T15:27:35.664Z",
    "user": 1,
    "content_type": 10,
    "object_id": "14",
    "object_repr": "Question: weight (en)",
    "action_flag": 1,
    "change_message": "[{\"added\": {}}]"
  }
},
{
  "model": "admin.logentry",
  "pk": 95,
  "fields": {
    "action_time": "2021-03-16T15:29:23.144Z",
    "user": 1,
    "content_type": 10,
    "object_id": "15",
    "object_repr": "Question: ethnicity (en)",
    "action_flag": 1,
    "change_message": "[{\"added\": {}}]"
  }
},
{
  "model": "admin.logentry",
  "pk": 96,
  "fields": {
    "action_time": "2021-03-16T15:30:41.205Z",
    "user": 1,
    "content_type": 10,
    "object_id": "16",
    "object_repr": "Question: family_diabetes (en)",
    "action_flag": 1,
    "change_message": "[{\"added\": {}}]"
  }
},
{
  "model": "admin.logentry",
  "pk": 97,
  "fields": {
    "action_time": "2021-03-16T15:30:56.228Z",
    "user": 1,
    "content_type": 10,
    "object_id": "17",
    "object_repr": "Question: polycystic (en)",
    "action_flag": 1,
    "change_message": "[{\"added\": {}}]"
  }
},
{
  "model": "admin.logentry",
  "pk": 98,
  "fields": {
    "action_time": "2021-03-16T15:31:12.111Z",
    "user": 1,
    "content_type": 10,
    "object_id": "18",
    "object_repr": "Question: blood_pressure_family (en)",
    "action_flag": 1,
    "change_message": "[{\"added\": {}}]"
  }
},
{
  "model": "admin.logentry",
  "pk": 99,
  "fields": {
    "action_time": "2021-03-16T15:31:29.446Z",
    "user": 1,
    "content_type": 10,
    "object_id": "19",
    "object_repr": "Question: blood_pressure_not_family (en)",
    "action_flag": 1,
    "change_message": "[{\"added\": {}}]"
  }
},
{
  "model": "admin.logentry",
  "pk": 100,
  "fields": {
    "action_time": "2021-03-16T15:32:18.978Z",
    "user": 1,
    "content_type": 10,
    "object_id": "20",
    "object_repr": "Question: diet_not_varied (en)",
    "action_flag": 1,
    "change_message": "[{\"added\": {}}]"
  }
},
{
  "model": "admin.logentry",
  "pk": 101,
  "fields": {
    "action_time": "2021-03-16T15:32:32.764Z",
    "user": 1,
    "content_type": 10,
    "object_id": "21",
    "object_repr": "Question: diet_sugar (en)",
    "action_flag": 1,
    "change_message": "[{\"added\": {}}]"
  }
},
{
  "model": "admin.logentry",
  "pk": 102,
  "fields": {
    "action_time": "2021-03-16T15:33:23.612Z",
    "user": 1,
    "content_type": 9,
    "object_id": "26",
    "object_repr": "Question: diet_sweets",
    "action_flag": 1,
    "change_message": "[{\"added\": {}}]"
  }
},
{
  "model": "admin.logentry",
  "pk": 103,
  "fields": {
    "action_time": "2021-03-16T15:33:35.888Z",
    "user": 1,
    "content_type": 12,
    "object_id": "diet_sweets",
    "object_repr": "diet_sweets (boolean)",
    "action_flag": 1,
    "change_message": "[{\"added\": {}}]"
  }
},
{
  "model": "admin.logentry",
  "pk": 104,
  "fields": {
    "action_time": "2021-03-16T15:33:55.931Z",
    "user": 1,
    "content_type": 10,
    "object_id": "22",
    "object_repr": "Question: diet_sweets (en)",
    "action_flag": 1,
    "change_message": "[{\"added\": {}}]"
  }
},
{
  "model": "admin.logentry",
  "pk": 105,
  "fields": {
    "action_time": "2021-03-16T15:34:32.079Z",
    "user": 1,
    "content_type": 10,
    "object_id": "23",
    "object_repr": "Question: diet_processed_meat (en)",
    "action_flag": 1,
    "change_message": "[{\"added\": {}}]"
  }
},
{
  "model": "admin.logentry",
  "pk": 106,
  "fields": {
    "action_time": "2021-03-16T15:34:51.621Z",
    "user": 1,
    "content_type": 10,
    "object_id": "24",
    "object_repr": "Question: diet_whole_grain (en)",
    "action_flag": 1,
    "change_message": "[{\"added\": {}}]"
  }
},
{
  "model": "admin.logentry",
  "pk": 107,
  "fields": {
    "action_time": "2021-03-16T15:35:15.470Z",
    "user": 1,
    "content_type": 10,
    "object_id": "25",
    "object_repr": "Question: diet_diary (en)",
    "action_flag": 1,
    "change_message": "[{\"added\": {}}]"
  }
},
{
  "model": "admin.logentry",
  "pk": 108,
  "fields": {
    "action_time": "2021-03-16T15:35:30.066Z",
    "user": 1,
    "content_type": 10,
    "object_id": "26",
    "object_repr": "Question: diet_vitamin_d (en)",
    "action_flag": 1,
    "change_message": "[{\"added\": {}}]"
  }
},
{
  "model": "admin.logentry",
  "pk": 109,
  "fields": {
    "action_time": "2021-03-16T15:35:59.886Z",
    "user": 1,
    "content_type": 10,
    "object_id": "27",
    "object_repr": "Question: activity_walking_minute (en)",
    "action_flag": 1,
    "change_message": "[{\"added\": {}}]"
  }
},
{
  "model": "admin.logentry",
  "pk": 110,
  "fields": {
    "action_time": "2021-03-16T15:36:22.104Z",
    "user": 1,
    "content_type": 10,
    "object_id": "28",
    "object_repr": "Question: activity_vigorous (en)",
    "action_flag": 1,
    "change_message": "[{\"added\": {}}]"
  }
},
{
  "model": "admin.logentry",
  "pk": 111,
  "fields": {
    "action_time": "2021-03-16T15:36:37.937Z",
    "user": 1,
    "content_type": 10,
    "object_id": "29",
    "object_repr": "Question: activity_stairs (en)",
    "action_flag": 1,
    "change_message": "[{\"added\": {}}]"
  }
},
{
  "model": "admin.logentry",
  "pk": 112,
  "fields": {
    "action_time": "2021-03-16T17:40:01.097Z",
    "user": 1,
    "content_type": 10,
    "object_id": "4",
    "object_repr": "Question: age (no)",
    "action_flag": 2,
    "change_message": "[]"
  }
},
{
  "model": "admin.logentry",
  "pk": 113,
  "fields": {
    "action_time": "2021-03-16T17:45:24.413Z",
    "user": 1,
    "content_type": 10,
    "object_id": "1",
    "object_repr": "Question: age (en)",
    "action_flag": 2,
    "change_message": "[{\"changed\": {\"fields\": [\"Text\"]}}]"
  }
},
{
  "model": "admin.logentry",
  "pk": 114,
  "fields": {
    "action_time": "2021-03-16T17:55:40.895Z",
    "user": 1,
    "content_type": 12,
    "object_id": "stillbirth",
    "object_repr": "stillbirth (boolean)",
    "action_flag": 2,
    "change_message": "[{\"changed\": {\"fields\": [\"Parent factor\"]}}]"
  }
},
{
  "model": "admin.logentry",
  "pk": 115,
  "fields": {
    "action_time": "2021-03-16T17:55:57.105Z",
    "user": 1,
    "content_type": 12,
    "object_id": "gdm",
    "object_repr": "gdm (boolean)",
    "action_flag": 2,
    "change_message": "[]"
  }
},
{
  "model": "admin.logentry",
  "pk": 116,
  "fields": {
    "action_time": "2021-03-16T17:56:06.448Z",
    "user": 1,
    "content_type": 12,
    "object_id": "congenital",
    "object_repr": "congenital (boolean)",
    "action_flag": 2,
    "change_message": "[]"
  }
},
{
  "model": "admin.logentry",
  "pk": 117,
  "fields": {
    "action_time": "2021-03-16T17:56:21.599Z",
    "user": 1,
    "content_type": 12,
    "object_id": "stillbirth",
    "object_repr": "stillbirth (boolean)",
    "action_flag": 2,
    "change_message": "[]"
  }
},
{
  "model": "admin.logentry",
  "pk": 118,
  "fields": {
    "action_time": "2021-03-16T17:56:31.346Z",
    "user": 1,
    "content_type": 12,
    "object_id": "miscarriage",
    "object_repr": "miscarriage (boolean)",
    "action_flag": 2,
    "change_message": "[]"
  }
},
{
  "model": "admin.logentry",
  "pk": 119,
  "fields": {
    "action_time": "2021-03-16T17:56:42.778Z",
    "user": 1,
    "content_type": 12,
    "object_id": "preterm",
    "object_repr": "preterm (boolean)",
    "action_flag": 2,
    "change_message": "[]"
  }
},
{
  "model": "admin.logentry",
  "pk": 120,
  "fields": {
    "action_time": "2021-03-16T17:56:48Z",
    "user": 1,
    "content_type": 12,
    "object_id": "macrosomia",
    "object_repr": "macrosomia (boolean)",
    "action_flag": 2,
    "change_message": "[]"
  }
},
{
  "model": "admin.logentry",
  "pk": 121,
  "fields": {
    "action_time": "2021-03-16T18:12:16.662Z",
    "user": 1,
    "content_type": 12,
    "object_id": "parity",
    "object_repr": "parity (integer)",
    "action_flag": 2,
    "change_message": "[{\"changed\": {\"fields\": [\"Max digits\"]}}]"
  }
},
{
  "model": "admin.logentry",
  "pk": 122,
  "fields": {
    "action_time": "2021-03-16T18:13:37.691Z",
    "user": 1,
    "content_type": 12,
    "object_id": "parity",
    "object_repr": "parity (integer)",
    "action_flag": 2,
    "change_message": "[]"
  }
},
{
  "model": "admin.logentry",
  "pk": 123,
  "fields": {
    "action_time": "2021-03-16T18:15:03.728Z",
    "user": 1,
    "content_type": 10,
    "object_id": "6",
    "object_repr": "Question: age (fr)",
    "action_flag": 2,
    "change_message": "[{\"changed\": {\"fields\": [\"Text\"]}}]"
  }
},
{
  "model": "admin.logentry",
  "pk": 124,
  "fields": {
    "action_time": "2021-03-16T18:15:52.404Z",
    "user": 1,
    "content_type": 10,
    "object_id": "3",
    "object_repr": "Question: height (no)",
    "action_flag": 2,
    "change_message": "[{\"changed\": {\"fields\": [\"Text\"]}}]"
  }
},
{
  "model": "admin.logentry",
  "pk": 125,
  "fields": {
    "action_time": "2021-03-16T18:17:25.519Z",
    "user": 1,
    "content_type": 10,
    "object_id": "30",
    "object_repr": "Question: weight (no)",
    "action_flag": 1,
    "change_message": "[{\"added\": {}}]"
  }
},
{
  "model": "admin.logentry",
  "pk": 126,
  "fields": {
    "action_time": "2021-03-16T18:19:44.403Z",
    "user": 1,
    "content_type": 9,
    "object_id": "3",
    "object_repr": "Text: front_page_paragraph_1",
    "action_flag": 2,
    "change_message": "[{\"changed\": {\"fields\": [\"Name\"]}}]"
  }
},
{
  "model": "admin.logentry",
  "pk": 127,
  "fields": {
    "action_time": "2021-03-16T18:35:38.333Z",
    "user": 1,
    "content_type": 10,
    "object_id": "1",
    "object_repr": "Question: age (en)",
    "action_flag": 2,
    "change_message": "[{\"changed\": {\"fields\": [\"Text\"]}}]"
  }
},
{
  "model": "admin.logentry",
  "pk": 128,
  "fields": {
    "action_time": "2021-03-16T19:54:08.611Z",
    "user": 1,
    "content_type": 12,
    "object_id": "parity",
    "object_repr": "parity (integer)",
    "action_flag": 2,
    "change_message": "[{\"changed\": {\"fields\": [\"Requirement\"]}}]"
  }
},
{
  "model": "admin.logentry",
  "pk": 129,
  "fields": {
    "action_time": "2021-03-16T22:13:37.695Z",
    "user": 1,
    "content_type": 10,
    "object_id": "31",
    "object_repr": "Question: activity_stairs (no)",
    "action_flag": 1,
    "change_message": "[{\"added\": {}}]"
  }
},
{
  "model": "admin.logentry",
  "pk": 130,
  "fields": {
    "action_time": "2021-03-16T22:14:38.274Z",
    "user": 1,
    "content_type": 10,
    "object_id": "32",
    "object_repr": "Question: activity_vigorous (no)",
    "action_flag": 1,
    "change_message": "[{\"added\": {}}]"
  }
},
{
  "model": "admin.logentry",
  "pk": 131,
  "fields": {
    "action_time": "2021-03-16T22:15:14.215Z",
    "user": 1,
    "content_type": 10,
    "object_id": "33",
    "object_repr": "Question: activity_walking_minute (no)",
    "action_flag": 1,
    "change_message": "[{\"added\": {}}]"
  }
},
{
  "model": "admin.logentry",
  "pk": 132,
  "fields": {
    "action_time": "2021-03-16T22:15:52.468Z",
    "user": 1,
    "content_type": 10,
    "object_id": "34",
    "object_repr": "Question: blood_pressure_family (no)",
    "action_flag": 1,
    "change_message": "[{\"added\": {}}]"
  }
},
{
  "model": "admin.logentry",
  "pk": 133,
  "fields": {
    "action_time": "2021-03-16T22:16:19.308Z",
    "user": 1,
    "content_type": 10,
    "object_id": "35",
    "object_repr": "Question: blood_pressure_not_family (no)",
    "action_flag": 1,
    "change_message": "[{\"added\": {}}]"
  }
},
{
  "model": "admin.logentry",
  "pk": 134,
  "fields": {
    "action_time": "2021-03-16T22:16:49.826Z",
    "user": 1,
    "content_type": 10,
    "object_id": "36",
    "object_repr": "Question: diet_diary (no)",
    "action_flag": 1,
    "change_message": "[{\"added\": {}}]"
  }
},
{
  "model": "admin.logentry",
  "pk": 135,
  "fields": {
    "action_time": "2021-03-16T22:18:24.123Z",
    "user": 1,
    "content_type": 10,
    "object_id": "37",
    "object_repr": "Question: diet_not_varied (no)",
    "action_flag": 1,
    "change_message": "[{\"added\": {}}]"
  }
},
{
  "model": "admin.logentry",
  "pk": 136,
  "fields": {
    "action_time": "2021-03-16T22:19:14.807Z",
    "user": 1,
    "content_type": 10,
    "object_id": "38",
    "object_repr": "Question: diet_processed_meat (no)",
    "action_flag": 1,
    "change_message": "[{\"added\": {}}]"
  }
},
{
  "model": "admin.logentry",
  "pk": 137,
  "fields": {
    "action_time": "2021-03-16T22:19:43.099Z",
    "user": 1,
    "content_type": 10,
    "object_id": "39",
    "object_repr": "Question: diet_sugar (no)",
    "action_flag": 1,
    "change_message": "[{\"added\": {}}]"
  }
},
{
  "model": "admin.logentry",
  "pk": 138,
  "fields": {
    "action_time": "2021-03-16T22:20:29.454Z",
    "user": 1,
    "content_type": 10,
    "object_id": "40",
    "object_repr": "Question: diet_sweets (no)",
    "action_flag": 1,
    "change_message": "[{\"added\": {}}]"
  }
},
{
  "model": "admin.logentry",
  "pk": 139,
  "fields": {
    "action_time": "2021-03-16T22:20:50.940Z",
    "user": 1,
    "content_type": 10,
    "object_id": "41",
    "object_repr": "Question: diet_vitamin_d (no)",
    "action_flag": 1,
    "change_message": "[{\"added\": {}}]"
  }
},
{
  "model": "admin.logentry",
  "pk": 140,
  "fields": {
    "action_time": "2021-03-16T22:21:18.260Z",
    "user": 1,
    "content_type": 10,
    "object_id": "42",
    "object_repr": "Question: diet_whole_grain (no)",
    "action_flag": 1,
    "change_message": "[{\"added\": {}}]"
  }
},
{
  "model": "admin.logentry",
  "pk": 141,
  "fields": {
    "action_time": "2021-03-16T22:22:05.903Z",
    "user": 1,
    "content_type": 10,
    "object_id": "43",
    "object_repr": "Question: family_diabetes (no)",
    "action_flag": 1,
    "change_message": "[{\"added\": {}}]"
  }
},
{
  "model": "admin.logentry",
  "pk": 142,
  "fields": {
    "action_time": "2021-03-16T22:22:36.115Z",
    "user": 1,
    "content_type": 10,
    "object_id": "44",
    "object_repr": "Question: parity (no)",
    "action_flag": 1,
    "change_message": "[{\"added\": {}}]"
  }
},
{
  "model": "admin.logentry",
  "pk": 143,
  "fields": {
    "action_time": "2021-03-16T22:23:15.642Z",
    "user": 1,
    "content_type": 10,
    "object_id": "45",
    "object_repr": "Question: congenital (no)",
    "action_flag": 1,
    "change_message": "[{\"added\": {}}]"
  }
},
{
  "model": "admin.logentry",
  "pk": 144,
  "fields": {
    "action_time": "2021-03-16T22:23:52.796Z",
    "user": 1,
    "content_type": 10,
    "object_id": "46",
    "object_repr": "Question: diabetes (no)",
    "action_flag": 1,
    "change_message": "[{\"added\": {}}]"
  }
},
{
  "model": "admin.logentry",
  "pk": 145,
  "fields": {
    "action_time": "2021-03-16T22:24:14.739Z",
    "user": 1,
    "content_type": 10,
    "object_id": "47",
    "object_repr": "Question: macrosomia (no)",
    "action_flag": 1,
    "change_message": "[{\"added\": {}}]"
  }
},
{
  "model": "admin.logentry",
  "pk": 146,
  "fields": {
    "action_time": "2021-03-16T22:24:45.758Z",
    "user": 1,
    "content_type": 10,
    "object_id": "48",
    "object_repr": "Question: miscarriage (no)",
    "action_flag": 1,
    "change_message": "[{\"added\": {}}]"
  }
},
{
  "model": "admin.logentry",
  "pk": 147,
  "fields": {
    "action_time": "2021-03-16T22:25:15.333Z",
    "user": 1,
    "content_type": 10,
    "object_id": "49",
    "object_repr": "Question: preterm (no)",
    "action_flag": 1,
    "change_message": "[{\"added\": {}}]"
  }
},
{
  "model": "admin.logentry",
  "pk": 148,
  "fields": {
    "action_time": "2021-03-16T22:25:57.056Z",
    "user": 1,
    "content_type": 10,
    "object_id": "50",
    "object_repr": "Question: stillbirth (no)",
    "action_flag": 1,
    "change_message": "[{\"added\": {}}]"
  }
},
{
  "model": "admin.logentry",
  "pk": 149,
  "fields": {
    "action_time": "2021-03-16T22:26:51.197Z",
    "user": 1,
    "content_type": 10,
    "object_id": "51",
    "object_repr": "Question: polycystic (no)",
    "action_flag": 1,
    "change_message": "[{\"added\": {}}]"
  }
},
{
  "model": "admin.logentry",
  "pk": 150,
  "fields": {
    "action_time": "2021-03-16T22:27:24.608Z",
    "user": 1,
    "content_type": 10,
    "object_id": "52",
    "object_repr": "Question: ethnicity (no)",
    "action_flag": 1,
    "change_message": "[{\"added\": {}}]"
  }
},
{
  "model": "admin.logentry",
  "pk": 151,
  "fields": {
    "action_time": "2021-03-16T22:27:48.465Z",
    "user": 1,
    "content_type": 10,
    "object_id": "15",
    "object_repr": "Question: ethnicity (en)",
    "action_flag": 2,
    "change_message": "[{\"changed\": {\"fields\": [\"Text\"]}}]"
  }
},
{
  "model": "admin.logentry",
  "pk": 152,
  "fields": {
    "action_time": "2021-03-16T23:09:42.430Z",
    "user": 1,
    "content_type": 10,
    "object_id": "53",
    "object_repr": "Question: activity_stairs (fr)",
    "action_flag": 1,
    "change_message": "[{\"added\": {}}]"
  }
},
{
  "model": "admin.logentry",
  "pk": 153,
  "fields": {
    "action_time": "2021-03-16T23:10:04.701Z",
    "user": 1,
    "content_type": 10,
    "object_id": "54",
    "object_repr": "Question: activity_vigorous (fr)",
    "action_flag": 1,
    "change_message": "[{\"added\": {}}]"
  }
},
{
  "model": "admin.logentry",
  "pk": 154,
  "fields": {
    "action_time": "2021-03-16T23:10:38.343Z",
    "user": 1,
    "content_type": 10,
    "object_id": "55",
    "object_repr": "Question: activity_walking_minute (fr)",
    "action_flag": 1,
    "change_message": "[{\"added\": {}}]"
  }
},
{
  "model": "admin.logentry",
  "pk": 155,
  "fields": {
    "action_time": "2021-03-16T23:12:14.571Z",
    "user": 1,
    "content_type": 10,
    "object_id": "56",
    "object_repr": "Question: blood_pressure_family (fr)",
    "action_flag": 1,
    "change_message": "[{\"added\": {}}]"
  }
},
{
  "model": "admin.logentry",
  "pk": 156,
  "fields": {
    "action_time": "2021-03-16T23:12:32.079Z",
    "user": 1,
    "content_type": 10,
    "object_id": "57",
    "object_repr": "Question: blood_pressure_not_family (fr)",
    "action_flag": 1,
    "change_message": "[{\"added\": {}}]"
  }
},
{
  "model": "admin.logentry",
  "pk": 157,
  "fields": {
    "action_time": "2021-03-16T23:12:57.160Z",
    "user": 1,
    "content_type": 10,
    "object_id": "58",
    "object_repr": "Question: diet_diary (fr)",
    "action_flag": 1,
    "change_message": "[{\"added\": {}}]"
  }
},
{
  "model": "admin.logentry",
  "pk": 158,
  "fields": {
    "action_time": "2021-03-16T23:13:17.635Z",
    "user": 1,
    "content_type": 10,
    "object_id": "59",
    "object_repr": "Question: diet_not_varied (fr)",
    "action_flag": 1,
    "change_message": "[{\"added\": {}}]"
  }
},
{
  "model": "admin.logentry",
  "pk": 159,
  "fields": {
    "action_time": "2021-03-16T23:13:46.895Z",
    "user": 1,
    "content_type": 10,
    "object_id": "60",
    "object_repr": "Question: diet_processed_meat (fr)",
    "action_flag": 1,
    "change_message": "[{\"added\": {}}]"
  }
},
{
  "model": "admin.logentry",
  "pk": 160,
  "fields": {
    "action_time": "2021-03-16T23:14:06.258Z",
    "user": 1,
    "content_type": 10,
    "object_id": "61",
    "object_repr": "Question: diet_sugar (fr)",
    "action_flag": 1,
    "change_message": "[{\"added\": {}}]"
  }
},
{
  "model": "admin.logentry",
  "pk": 161,
  "fields": {
    "action_time": "2021-03-16T23:14:52.763Z",
    "user": 1,
    "content_type": 10,
    "object_id": "62",
    "object_repr": "Question: diet_sweets (fr)",
    "action_flag": 1,
    "change_message": "[{\"added\": {}}]"
  }
},
{
  "model": "admin.logentry",
  "pk": 162,
  "fields": {
    "action_time": "2021-03-16T23:15:15.120Z",
    "user": 1,
    "content_type": 10,
    "object_id": "63",
    "object_repr": "Question: diet_vitamin_d (fr)",
    "action_flag": 1,
    "change_message": "[{\"added\": {}}]"
  }
},
{
  "model": "admin.logentry",
  "pk": 163,
  "fields": {
    "action_time": "2021-03-16T23:15:40.227Z",
    "user": 1,
    "content_type": 10,
    "object_id": "64",
    "object_repr": "Question: diet_whole_grain (fr)",
    "action_flag": 1,
    "change_message": "[{\"added\": {}}]"
  }
},
{
  "model": "admin.logentry",
  "pk": 164,
  "fields": {
    "action_time": "2021-03-16T23:15:59.814Z",
    "user": 1,
    "content_type": 10,
    "object_id": "65",
    "object_repr": "Question: family_diabetes (fr)",
    "action_flag": 1,
    "change_message": "[{\"added\": {}}]"
  }
},
{
  "model": "admin.logentry",
  "pk": 165,
  "fields": {
    "action_time": "2021-03-16T23:16:18.256Z",
    "user": 1,
    "content_type": 10,
    "object_id": "66",
    "object_repr": "Question: height (fr)",
    "action_flag": 1,
    "change_message": "[{\"added\": {}}]"
  }
},
{
  "model": "admin.logentry",
  "pk": 166,
  "fields": {
    "action_time": "2021-03-16T23:16:37.306Z",
    "user": 1,
    "content_type": 10,
    "object_id": "67",
    "object_repr": "Question: parity (fr)",
    "action_flag": 1,
    "change_message": "[{\"added\": {}}]"
  }
},
{
  "model": "admin.logentry",
  "pk": 167,
  "fields": {
    "action_time": "2021-03-16T23:17:15.281Z",
    "user": 1,
    "content_type": 10,
    "object_id": "68",
    "object_repr": "Question: congenital (fr)",
    "action_flag": 1,
    "change_message": "[{\"added\": {}}]"
  }
},
{
  "model": "admin.logentry",
  "pk": 168,
  "fields": {
    "action_time": "2021-03-16T23:17:37.316Z",
    "user": 1,
    "content_type": 10,
    "object_id": "69",
    "object_repr": "Question: diabetes (fr)",
    "action_flag": 1,
    "change_message": "[{\"added\": {}}]"
  }
},
{
  "model": "admin.logentry",
  "pk": 169,
  "fields": {
    "action_time": "2021-03-16T23:17:55.698Z",
    "user": 1,
    "content_type": 10,
    "object_id": "70",
    "object_repr": "Question: macrosomia (fr)",
    "action_flag": 1,
    "change_message": "[{\"added\": {}}]"
  }
},
{
  "model": "admin.logentry",
  "pk": 170,
  "fields": {
    "action_time": "2021-03-16T23:18:14.552Z",
    "user": 1,
    "content_type": 10,
    "object_id": "71",
    "object_repr": "Question: miscarriage (fr)",
    "action_flag": 1,
    "change_message": "[{\"added\": {}}]"
  }
},
{
  "model": "admin.logentry",
  "pk": 171,
  "fields": {
    "action_time": "2021-03-16T23:18:30.606Z",
    "user": 1,
    "content_type": 10,
    "object_id": "72",
    "object_repr": "Question: preterm (fr)",
    "action_flag": 1,
    "change_message": "[{\"added\": {}}]"
  }
},
{
  "model": "admin.logentry",
  "pk": 172,
  "fields": {
    "action_time": "2021-03-16T23:18:52.523Z",
    "user": 1,
    "content_type": 10,
    "object_id": "73",
    "object_repr": "Question: stillbirth (fr)",
    "action_flag": 1,
    "change_message": "[{\"added\": {}}]"
  }
},
{
  "model": "admin.logentry",
  "pk": 173,
  "fields": {
    "action_time": "2021-03-16T23:19:22.647Z",
    "user": 1,
    "content_type": 10,
    "object_id": "74",
    "object_repr": "Question: polycystic (fr)",
    "action_flag": 1,
    "change_message": "[{\"added\": {}}]"
  }
},
{
  "model": "admin.logentry",
  "pk": 174,
  "fields": {
    "action_time": "2021-03-16T23:19:48.322Z",
    "user": 1,
    "content_type": 10,
    "object_id": "75",
    "object_repr": "Question: weight (fr)",
    "action_flag": 1,
    "change_message": "[{\"added\": {}}]"
  }
},
{
  "model": "admin.logentry",
  "pk": 175,
  "fields": {
    "action_time": "2021-03-16T23:20:05.538Z",
    "user": 1,
    "content_type": 10,
    "object_id": "76",
    "object_repr": "Question: ethnicity (fr)",
    "action_flag": 1,
    "change_message": "[{\"added\": {}}]"
  }
},
{
  "model": "admin.logentry",
  "pk": 176,
  "fields": {
    "action_time": "2021-03-16T23:21:56.721Z",
    "user": 1,
    "content_type": 9,
    "object_id": "27",
    "object_repr": "Text: button_yes",
    "action_flag": 1,
    "change_message": "[{\"added\": {}}]"
  }
},
{
  "model": "admin.logentry",
  "pk": 177,
  "fields": {
    "action_time": "2021-03-16T23:22:03.072Z",
    "user": 1,
    "content_type": 9,
    "object_id": "28",
    "object_repr": "Text: button_no",
    "action_flag": 1,
    "change_message": "[{\"added\": {}}]"
  }
},
{
  "model": "admin.logentry",
  "pk": 178,
  "fields": {
    "action_time": "2021-03-16T23:22:10.125Z",
    "user": 1,
    "content_type": 9,
    "object_id": "29",
    "object_repr": "Text: button_skip",
    "action_flag": 1,
    "change_message": "[{\"added\": {}}]"
  }
},
{
  "model": "admin.logentry",
  "pk": 179,
  "fields": {
    "action_time": "2021-03-16T23:22:18.742Z",
    "user": 1,
    "content_type": 9,
    "object_id": "30",
    "object_repr": "Text: button_continue",
    "action_flag": 1,
    "change_message": "[{\"added\": {}}]"
  }
},
{
  "model": "admin.logentry",
  "pk": 180,
  "fields": {
    "action_time": "2021-03-16T23:22:43.284Z",
    "user": 1,
    "content_type": 9,
    "object_id": "31",
    "object_repr": "Text: front_page_paragraph_2",
    "action_flag": 1,
    "change_message": "[{\"added\": {}}]"
  }
},
{
  "model": "admin.logentry",
  "pk": 181,
  "fields": {
    "action_time": "2021-03-16T23:22:52.893Z",
    "user": 1,
    "content_type": 9,
    "object_id": "32",
    "object_repr": "List: front_page_list",
    "action_flag": 1,
    "change_message": "[{\"added\": {}}]"
  }
},
{
  "model": "admin.logentry",
  "pk": 182,
  "fields": {
    "action_time": "2021-03-16T23:23:02.415Z",
    "user": 1,
    "content_type": 9,
    "object_id": "33",
    "object_repr": "Text: button_start",
    "action_flag": 1,
    "change_message": "[{\"added\": {}}]"
  }
},
{
  "model": "admin.logentry",
  "pk": 183,
  "fields": {
    "action_time": "2021-03-16T23:23:17.675Z",
    "user": 1,
    "content_type": 9,
    "object_id": "34",
    "object_repr": "Text: footer_privacy",
    "action_flag": 1,
    "change_message": "[{\"added\": {}}]"
  }
},
{
  "model": "admin.logentry",
  "pk": 184,
  "fields": {
    "action_time": "2021-03-16T23:25:02.738Z",
    "user": 1,
    "content_type": 10,
    "object_id": "77",
    "object_repr": "Text: button_yes (en)",
    "action_flag": 1,
    "change_message": "[{\"added\": {}}]"
  }
},
{
  "model": "admin.logentry",
  "pk": 185,
  "fields": {
    "action_time": "2021-03-16T23:25:11.529Z",
    "user": 1,
    "content_type": 10,
    "object_id": "78",
    "object_repr": "Text: button_no (en)",
    "action_flag": 1,
    "change_message": "[{\"added\": {}}]"
  }
},
{
  "model": "admin.logentry",
  "pk": 186,
  "fields": {
    "action_time": "2021-03-16T23:25:20.605Z",
    "user": 1,
    "content_type": 10,
    "object_id": "79",
    "object_repr": "Text: button_skip (en)",
    "action_flag": 1,
    "change_message": "[{\"added\": {}}]"
  }
},
{
  "model": "admin.logentry",
  "pk": 187,
  "fields": {
    "action_time": "2021-03-16T23:25:29.204Z",
    "user": 1,
    "content_type": 10,
    "object_id": "80",
    "object_repr": "Text: button_continue (en)",
    "action_flag": 1,
    "change_message": "[{\"added\": {}}]"
  }
},
{
  "model": "admin.logentry",
  "pk": 188,
  "fields": {
    "action_time": "2021-03-16T23:25:45.402Z",
    "user": 1,
    "content_type": 10,
    "object_id": "81",
    "object_repr": "Text: front_page_paragraph_2 (en)",
    "action_flag": 1,
    "change_message": "[{\"added\": {}}]"
  }
},
{
  "model": "admin.logentry",
  "pk": 189,
  "fields": {
    "action_time": "2021-03-16T23:26:35.418Z",
    "user": 1,
    "content_type": 10,
    "object_id": "82",
    "object_repr": "List: front_page_list (en)",
    "action_flag": 1,
    "change_message": "[{\"added\": {}}]"
  }
},
{
  "model": "admin.logentry",
  "pk": 190,
  "fields": {
    "action_time": "2021-03-16T23:26:56.209Z",
    "user": 1,
    "content_type": 10,
    "object_id": "83",
    "object_repr": "Text: button_start (en)",
    "action_flag": 1,
    "change_message": "[{\"added\": {}}]"
  }
},
{
  "model": "admin.logentry",
  "pk": 191,
  "fields": {
    "action_time": "2021-03-16T23:28:15.066Z",
    "user": 1,
    "content_type": 10,
    "object_id": "84",
    "object_repr": "Text: footer_privacy (en)",
    "action_flag": 1,
    "change_message": "[{\"added\": {}}]"
  }
},
{
  "model": "admin.logentry",
  "pk": 192,
  "fields": {
    "action_time": "2021-03-16T23:28:24.851Z",
    "user": 1,
    "content_type": 10,
    "object_id": "85",
    "object_repr": "Text: button_no (no)",
    "action_flag": 1,
    "change_message": "[{\"added\": {}}]"
  }
},
{
  "model": "admin.logentry",
  "pk": 193,
  "fields": {
    "action_time": "2021-03-16T23:28:32.862Z",
    "user": 1,
    "content_type": 10,
    "object_id": "86",
    "object_repr": "Text: button_yes (no)",
    "action_flag": 1,
    "change_message": "[{\"added\": {}}]"
  }
},
{
  "model": "admin.logentry",
  "pk": 194,
  "fields": {
    "action_time": "2021-03-16T23:28:47.657Z",
    "user": 1,
    "content_type": 10,
    "object_id": "87",
    "object_repr": "Text: button_skip (no)",
    "action_flag": 1,
    "change_message": "[{\"added\": {}}]"
  }
},
{
  "model": "admin.logentry",
  "pk": 195,
  "fields": {
    "action_time": "2021-03-16T23:29:00.903Z",
    "user": 1,
    "content_type": 10,
    "object_id": "88",
    "object_repr": "Text: button_continue (no)",
    "action_flag": 1,
    "change_message": "[{\"added\": {}}]"
  }
},
{
  "model": "admin.logentry",
  "pk": 196,
  "fields": {
    "action_time": "2021-03-16T23:29:28.735Z",
    "user": 1,
    "content_type": 10,
    "object_id": "89",
    "object_repr": "Text: front_page_paragraph_2 (no)",
    "action_flag": 1,
    "change_message": "[{\"added\": {}}]"
  }
},
{
  "model": "admin.logentry",
  "pk": 197,
  "fields": {
    "action_time": "2021-03-16T23:29:39.340Z",
    "user": 1,
    "content_type": 10,
    "object_id": "90",
    "object_repr": "Text: front_page_paragraph_1 (no)",
    "action_flag": 1,
    "change_message": "[{\"added\": {}}]"
  }
},
{
  "model": "admin.logentry",
  "pk": 198,
  "fields": {
    "action_time": "2021-03-16T23:30:49.420Z",
    "user": 1,
    "content_type": 10,
    "object_id": "91",
    "object_repr": "List: front_page_list (no)",
    "action_flag": 1,
    "change_message": "[{\"added\": {}}]"
  }
},
{
  "model": "admin.logentry",
  "pk": 199,
  "fields": {
    "action_time": "2021-03-16T23:31:26.984Z",
    "user": 1,
    "content_type": 10,
    "object_id": "92",
    "object_repr": "Text: button_start (no)",
    "action_flag": 1,
    "change_message": "[{\"added\": {}}]"
  }
},
{
  "model": "admin.logentry",
  "pk": 200,
  "fields": {
    "action_time": "2021-03-16T23:31:59.212Z",
    "user": 1,
    "content_type": 10,
    "object_id": "93",
    "object_repr": "Text: footer_privacy (no)",
    "action_flag": 1,
    "change_message": "[{\"added\": {}}]"
  }
},
{
  "model": "admin.logentry",
  "pk": 201,
  "fields": {
    "action_time": "2021-03-16T23:32:11.381Z",
    "user": 1,
    "content_type": 10,
    "object_id": "94",
    "object_repr": "Text: footer_privacy (fr)",
    "action_flag": 1,
    "change_message": "[{\"added\": {}}]"
  }
},
{
  "model": "admin.logentry",
  "pk": 202,
  "fields": {
    "action_time": "2021-03-16T23:32:28.377Z",
    "user": 1,
    "content_type": 10,
    "object_id": "95",
    "object_repr": "Text: front_page_paragraph_1 (fr)",
    "action_flag": 1,
    "change_message": "[{\"added\": {}}]"
  }
},
{
  "model": "admin.logentry",
  "pk": 203,
  "fields": {
    "action_time": "2021-03-16T23:32:41.938Z",
    "user": 1,
    "content_type": 10,
    "object_id": "96",
    "object_repr": "Text: front_page_paragraph_2 (fr)",
    "action_flag": 1,
    "change_message": "[{\"added\": {}}]"
  }
},
{
  "model": "admin.logentry",
  "pk": 204,
  "fields": {
    "action_time": "2021-03-16T23:33:02.088Z",
    "user": 1,
    "content_type": 10,
    "object_id": "97",
    "object_repr": "Text: button_yes (fr)",
    "action_flag": 1,
    "change_message": "[{\"added\": {}}]"
  }
},
{
  "model": "admin.logentry",
  "pk": 205,
  "fields": {
    "action_time": "2021-03-16T23:33:20.953Z",
    "user": 1,
    "content_type": 10,
    "object_id": "98",
    "object_repr": "Text: button_no (fr)",
    "action_flag": 1,
    "change_message": "[{\"added\": {}}]"
  }
},
{
  "model": "admin.logentry",
  "pk": 206,
  "fields": {
    "action_time": "2021-03-16T23:33:41.088Z",
    "user": 1,
    "content_type": 10,
    "object_id": "99",
    "object_repr": "Text: button_skip (fr)",
    "action_flag": 1,
    "change_message": "[{\"added\": {}}]"
  }
},
{
  "model": "admin.logentry",
  "pk": 207,
  "fields": {
    "action_time": "2021-03-16T23:33:57.897Z",
    "user": 1,
    "content_type": 10,
    "object_id": "100",
    "object_repr": "Text: button_continue (fr)",
    "action_flag": 1,
    "change_message": "[{\"added\": {}}]"
  }
},
{
  "model": "admin.logentry",
  "pk": 208,
  "fields": {
    "action_time": "2021-03-16T23:34:47.423Z",
    "user": 1,
    "content_type": 10,
    "object_id": "101",
    "object_repr": "List: front_page_list (fr)",
    "action_flag": 1,
    "change_message": "[{\"added\": {}}]"
  }
},
{
  "model": "admin.logentry",
  "pk": 209,
  "fields": {
    "action_time": "2021-03-16T23:35:32.368Z",
    "user": 1,
    "content_type": 10,
    "object_id": "102",
    "object_repr": "Text: button_start (fr)",
    "action_flag": 1,
    "change_message": "[{\"added\": {}}]"
  }
},
{
  "model": "admin.logentry",
  "pk": 210,
  "fields": {
    "action_time": "2021-03-16T23:54:34.748Z",
    "user": 1,
    "content_type": 10,
    "object_id": "96",
    "object_repr": "Text: front_page_paragraph_2 (fr)",
    "action_flag": 2,
    "change_message": "[{\"changed\": {\"fields\": [\"Text\"]}}]"
  }
},
{
  "model": "admin.logentry",
  "pk": 211,
  "fields": {
    "action_time": "2021-03-17T19:25:55.299Z",
    "user": 1,
    "content_type": 10,
    "object_id": "90",
    "object_repr": "Text: front_page_paragraph_1 (no)",
    "action_flag": 2,
    "change_message": "[{\"changed\": {\"fields\": [\"Text\"]}}]"
  }
},
{
  "model": "admin.logentry",
  "pk": 212,
  "fields": {
    "action_time": "2021-04-22T10:12:00.697Z",
    "user": 1,
    "content_type": 12,
    "object_id": "1",
    "object_repr": "Disease object (1)",
    "action_flag": 1,
    "change_message": "[{\"added\": {}}]"
  }
},
{
  "model": "admin.logentry",
  "pk": 213,
  "fields": {
    "action_time": "2021-04-22T10:12:04.386Z",
    "user": 1,
    "content_type": 12,
    "object_id": "2",
    "object_repr": "Disease object (2)",
    "action_flag": 1,
    "change_message": "[{\"added\": {}}]"
  }
},
{
  "model": "admin.logentry",
  "pk": 214,
  "fields": {
    "action_time": "2021-04-22T10:12:09.387Z",
    "user": 1,
    "content_type": 12,
    "object_id": "3",
    "object_repr": "Disease object (3)",
    "action_flag": 1,
    "change_message": "[{\"added\": {}}]"
  }
},
{
  "model": "admin.logentry",
  "pk": 215,
  "fields": {
    "action_time": "2021-04-22T10:12:15.914Z",
    "user": 1,
    "content_type": 12,
    "object_id": "4",
    "object_repr": "Disease object (4)",
    "action_flag": 1,
    "change_message": "[{\"added\": {}}]"
  }
},
{
  "model": "admin.logentry",
  "pk": 216,
  "fields": {
    "action_time": "2021-04-22T10:12:20.435Z",
    "user": 1,
    "content_type": 12,
    "object_id": "5",
    "object_repr": "Disease object (5)",
    "action_flag": 1,
    "change_message": "[{\"added\": {}}]"
  }
},
{
  "model": "admin.logentry",
  "pk": 217,
  "fields": {
    "action_time": "2021-04-22T10:13:42.353Z",
    "user": 1,
    "content_type": 12,
    "object_id": "6",
    "object_repr": "Hyperemesis gravidarum",
    "action_flag": 1,
    "change_message": "[{\"added\": {}}]"
  }
},
{
  "model": "admin.logentry",
  "pk": 218,
  "fields": {
    "action_time": "2021-04-22T10:13:48.264Z",
    "user": 1,
    "content_type": 12,
    "object_id": "7",
    "object_repr": "Miscarriage",
    "action_flag": 1,
    "change_message": "[{\"added\": {}}]"
  }
},
{
  "model": "admin.logentry",
  "pk": 219,
  "fields": {
    "action_time": "2021-04-22T10:13:53.002Z",
    "user": 1,
    "content_type": 12,
    "object_id": "8",
    "object_repr": "Placental complications",
    "action_flag": 1,
    "change_message": "[{\"added\": {}}]"
  }
},
{
  "model": "admin.logentry",
  "pk": 220,
  "fields": {
    "action_time": "2021-04-22T10:13:59.214Z",
    "user": 1,
    "content_type": 12,
    "object_id": "9",
    "object_repr": "Pre-term birth",
    "action_flag": 1,
    "change_message": "[{\"added\": {}}]"
  }
},
{
  "model": "admin.logentry",
  "pk": 221,
  "fields": {
    "action_time": "2021-04-22T10:14:04.903Z",
    "user": 1,
    "content_type": 12,
    "object_id": "10",
    "object_repr": "Preeclampsia",
    "action_flag": 1,
    "change_message": "[{\"added\": {}}]"
  }
},
{
  "model": "admin.logentry",
  "pk": 222,
  "fields": {
    "action_time": "2021-04-22T10:14:11.768Z",
    "user": 1,
    "content_type": 12,
    "object_id": "11",
    "object_repr": "Thrombosis",
    "action_flag": 1,
    "change_message": "[{\"added\": {}}]"
  }
},
{
  "model": "admin.logentry",
  "pk": 223,
  "fields": {
    "action_time": "2021-04-22T10:15:30.648Z",
    "user": 1,
    "content_type": 14,
    "object_id": "weight",
    "object_repr": "weight (integer)",
    "action_flag": 2,
    "change_message": "[{\"changed\": {\"fields\": [\"Diseases\"]}}]"
  }
},
{
  "model": "admin.logentry",
  "pk": 224,
  "fields": {
    "action_time": "2021-04-22T10:39:50.911Z",
    "user": 1,
    "content_type": 14,
    "object_id": "stillbirth",
    "object_repr": "stillbirth (boolean)",
    "action_flag": 2,
    "change_message": "[{\"changed\": {\"fields\": [\"Diseases\"]}}]"
  }
},
{
  "model": "admin.logentry",
  "pk": 225,
  "fields": {
    "action_time": "2021-04-22T10:40:39.188Z",
    "user": 1,
    "content_type": 14,
    "object_id": "preterm",
    "object_repr": "preterm (boolean)",
    "action_flag": 2,
    "change_message": "[{\"changed\": {\"fields\": [\"Diseases\"]}}]"
  }
},
{
  "model": "admin.logentry",
  "pk": 226,
  "fields": {
    "action_time": "2021-04-22T10:41:02.214Z",
    "user": 1,
    "content_type": 14,
    "object_id": "polycystic",
    "object_repr": "polycystic (boolean)",
    "action_flag": 2,
    "change_message": "[{\"changed\": {\"fields\": [\"Diseases\"]}}]"
  }
},
{
  "model": "admin.logentry",
  "pk": 227,
  "fields": {
    "action_time": "2021-04-22T10:42:18.005Z",
    "user": 1,
    "content_type": 14,
    "object_id": "parity",
    "object_repr": "parity (integer)",
    "action_flag": 2,
    "change_message": "[{\"changed\": {\"fields\": [\"Diseases\"]}}]"
  }
},
{
  "model": "admin.logentry",
  "pk": 228,
  "fields": {
    "action_time": "2021-04-22T10:42:55.600Z",
    "user": 1,
    "content_type": 14,
    "object_id": "miscarriage",
    "object_repr": "miscarriage (boolean)",
    "action_flag": 2,
    "change_message": "[{\"changed\": {\"fields\": [\"Diseases\"]}}]"
  }
},
{
  "model": "admin.logentry",
  "pk": 229,
  "fields": {
    "action_time": "2021-04-22T10:43:18.176Z",
    "user": 1,
    "content_type": 14,
    "object_id": "macrosomia",
    "object_repr": "macrosomia (boolean)",
    "action_flag": 2,
    "change_message": "[{\"changed\": {\"fields\": [\"Diseases\"]}}]"
  }
},
{
  "model": "admin.logentry",
  "pk": 230,
  "fields": {
    "action_time": "2021-04-22T10:43:59.226Z",
    "user": 1,
    "content_type": 14,
    "object_id": "height",
    "object_repr": "height (integer)",
    "action_flag": 2,
    "change_message": "[{\"changed\": {\"fields\": [\"Diseases\"]}}]"
  }
},
{
  "model": "admin.logentry",
  "pk": 231,
  "fields": {
    "action_time": "2021-04-22T10:44:42.732Z",
    "user": 1,
    "content_type": 14,
    "object_id": "gdm",
    "object_repr": "gdm (boolean)",
    "action_flag": 2,
    "change_message": "[{\"changed\": {\"fields\": [\"Diseases\"]}}]"
  }
},
{
  "model": "admin.logentry",
  "pk": 232,
  "fields": {
    "action_time": "2021-04-22T10:45:12.636Z",
    "user": 1,
    "content_type": 14,
    "object_id": "family_diabetes",
    "object_repr": "family_diabetes (boolean)",
    "action_flag": 2,
    "change_message": "[{\"changed\": {\"fields\": [\"Diseases\"]}}]"
  }
},
{
  "model": "admin.logentry",
  "pk": 233,
  "fields": {
    "action_time": "2021-04-22T10:45:41.712Z",
    "user": 1,
    "content_type": 14,
    "object_id": "diet_whole_grain",
    "object_repr": "diet_whole_grain (boolean)",
    "action_flag": 2,
    "change_message": "[{\"changed\": {\"fields\": [\"Diseases\"]}}]"
  }
},
{
  "model": "admin.logentry",
  "pk": 234,
  "fields": {
    "action_time": "2021-04-22T10:46:14.182Z",
    "user": 1,
    "content_type": 14,
    "object_id": "diet_vitamin_d",
    "object_repr": "diet_vitamin_d (boolean)",
    "action_flag": 2,
    "change_message": "[{\"changed\": {\"fields\": [\"Diseases\"]}}]"
  }
},
{
  "model": "admin.logentry",
  "pk": 235,
  "fields": {
    "action_time": "2021-04-22T10:47:06.453Z",
    "user": 1,
    "content_type": 14,
    "object_id": "diet_sweets",
    "object_repr": "diet_sweets (boolean)",
    "action_flag": 2,
    "change_message": "[{\"changed\": {\"fields\": [\"Diseases\"]}}]"
  }
},
{
  "model": "admin.logentry",
  "pk": 236,
  "fields": {
    "action_time": "2021-04-22T10:47:31.493Z",
    "user": 1,
    "content_type": 14,
    "object_id": "diet_sugar",
    "object_repr": "diet_sugar (boolean)",
    "action_flag": 2,
    "change_message": "[{\"changed\": {\"fields\": [\"Diseases\"]}}]"
  }
},
{
  "model": "admin.logentry",
  "pk": 237,
  "fields": {
    "action_time": "2021-04-22T10:47:57.534Z",
    "user": 1,
    "content_type": 14,
    "object_id": "diet_processed_meat",
    "object_repr": "diet_processed_meat (boolean)",
    "action_flag": 2,
    "change_message": "[{\"changed\": {\"fields\": [\"Diseases\"]}}]"
  }
},
{
  "model": "admin.logentry",
  "pk": 238,
  "fields": {
    "action_time": "2021-04-22T10:48:18.539Z",
    "user": 1,
    "content_type": 14,
    "object_id": "diet_not_varied",
    "object_repr": "diet_not_varied (boolean)",
    "action_flag": 2,
    "change_message": "[{\"changed\": {\"fields\": [\"Diseases\"]}}]"
  }
},
{
  "model": "admin.logentry",
  "pk": 239,
  "fields": {
    "action_time": "2021-04-22T10:49:15.020Z",
    "user": 1,
    "content_type": 14,
    "object_id": "congenital",
    "object_repr": "congenital (boolean)",
    "action_flag": 2,
    "change_message": "[{\"changed\": {\"fields\": [\"Diseases\"]}}]"
  }
},
{
  "model": "admin.logentry",
  "pk": 240,
  "fields": {
    "action_time": "2021-04-22T10:49:50.892Z",
    "user": 1,
    "content_type": 14,
    "object_id": "blood_pressure_not_family",
    "object_repr": "blood_pressure_not_family (boolean)",
    "action_flag": 2,
    "change_message": "[{\"changed\": {\"fields\": [\"Diseases\"]}}]"
  }
},
{
  "model": "admin.logentry",
  "pk": 241,
  "fields": {
    "action_time": "2021-04-22T10:50:24.993Z",
    "user": 1,
    "content_type": 14,
    "object_id": "blood_pressure_family",
    "object_repr": "blood_pressure_family (boolean)",
    "action_flag": 2,
    "change_message": "[{\"changed\": {\"fields\": [\"Diseases\"]}}]"
  }
},
{
  "model": "admin.logentry",
  "pk": 242,
  "fields": {
    "action_time": "2021-04-22T10:53:00.280Z",
    "user": 1,
    "content_type": 14,
    "object_id": "age",
    "object_repr": "age (integer)",
    "action_flag": 2,
    "change_message": "[{\"changed\": {\"fields\": [\"Diseases\"]}}]"
  }
},
{
  "model": "admin.logentry",
  "pk": 243,
  "fields": {
    "action_time": "2021-04-22T10:53:25.654Z",
    "user": 1,
    "content_type": 14,
    "object_id": "activity_walking_minute",
    "object_repr": "activity_walking_minute (boolean)",
    "action_flag": 2,
    "change_message": "[{\"changed\": {\"fields\": [\"Diseases\"]}}]"
  }
},
{
  "model": "admin.logentry",
  "pk": 244,
  "fields": {
    "action_time": "2021-04-22T10:53:56.236Z",
    "user": 1,
    "content_type": 14,
    "object_id": "activity_vigorous",
    "object_repr": "activity_vigorous (boolean)",
    "action_flag": 2,
    "change_message": "[{\"changed\": {\"fields\": [\"Diseases\"]}}]"
  }
},
{
  "model": "admin.logentry",
  "pk": 245,
  "fields": {
    "action_time": "2021-04-22T10:54:16.363Z",
    "user": 1,
    "content_type": 14,
    "object_id": "activity_stairs",
    "object_repr": "activity_stairs (boolean)",
    "action_flag": 2,
    "change_message": "[{\"changed\": {\"fields\": [\"Diseases\"]}}]"
  }
},
{
  "model": "admin.logentry",
  "pk": 246,
  "fields": {
    "action_time": "2021-04-22T11:36:14.361Z",
    "user": 1,
    "content_type": 10,
    "object_id": "44",
    "object_repr": "Question: parity (no)",
    "action_flag": 2,
    "change_message": "[]"
  }
},
{
  "model": "admin.logentry",
  "pk": 247,
  "fields": {
    "action_time": "2021-04-23T07:30:19.126Z",
    "user": 1,
    "content_type": 15,
    "object_id": "1",
    "object_repr": "DiseaseTranslation object (1)",
    "action_flag": 1,
    "change_message": "[{\"added\": {}}]"
  }
},
{
  "model": "admin.logentry",
  "pk": 248,
  "fields": {
    "action_time": "2021-04-23T07:30:26.859Z",
    "user": 1,
    "content_type": 15,
    "object_id": "2",
    "object_repr": "DiseaseTranslation object (2)",
    "action_flag": 1,
    "change_message": "[{\"added\": {}}]"
  }
},
{
  "model": "admin.logentry",
  "pk": 249,
  "fields": {
    "action_time": "2021-04-23T07:30:47.071Z",
    "user": 1,
    "content_type": 15,
    "object_id": "3",
    "object_repr": "DiseaseTranslation object (3)",
    "action_flag": 1,
    "change_message": "[{\"added\": {}}]"
  }
},
{
  "model": "admin.logentry",
  "pk": 250,
  "fields": {
    "action_time": "2021-04-23T07:30:58.819Z",
    "user": 1,
    "content_type": 15,
    "object_id": "4",
    "object_repr": "DiseaseTranslation object (4)",
    "action_flag": 1,
    "change_message": "[{\"added\": {}}]"
  }
},
{
  "model": "admin.logentry",
  "pk": 251,
  "fields": {
    "action_time": "2021-04-23T07:31:12.819Z",
    "user": 1,
    "content_type": 15,
    "object_id": "5",
    "object_repr": "DiseaseTranslation object (5)",
    "action_flag": 1,
    "change_message": "[{\"added\": {}}]"
  }
},
{
  "model": "admin.logentry",
  "pk": 252,
  "fields": {
    "action_time": "2021-04-23T07:31:25.969Z",
    "user": 1,
    "content_type": 15,
    "object_id": "6",
    "object_repr": "DiseaseTranslation object (6)",
    "action_flag": 1,
    "change_message": "[{\"added\": {}}]"
  }
},
{
  "model": "admin.logentry",
  "pk": 253,
  "fields": {
    "action_time": "2021-04-23T07:31:35.465Z",
    "user": 1,
    "content_type": 15,
    "object_id": "7",
    "object_repr": "DiseaseTranslation object (7)",
    "action_flag": 1,
    "change_message": "[{\"added\": {}}]"
  }
},
{
  "model": "admin.logentry",
  "pk": 254,
  "fields": {
    "action_time": "2021-04-23T07:31:45.972Z",
    "user": 1,
    "content_type": 15,
    "object_id": "8",
    "object_repr": "DiseaseTranslation object (8)",
    "action_flag": 1,
    "change_message": "[{\"added\": {}}]"
  }
},
{
  "model": "admin.logentry",
  "pk": 255,
  "fields": {
    "action_time": "2021-04-23T07:31:56.837Z",
    "user": 1,
    "content_type": 15,
    "object_id": "9",
    "object_repr": "DiseaseTranslation object (9)",
    "action_flag": 1,
    "change_message": "[{\"added\": {}}]"
  }
},
{
  "model": "admin.logentry",
  "pk": 256,
  "fields": {
    "action_time": "2021-04-23T07:32:07.596Z",
    "user": 1,
    "content_type": 15,
    "object_id": "10",
    "object_repr": "DiseaseTranslation object (10)",
    "action_flag": 1,
    "change_message": "[{\"added\": {}}]"
  }
},
{
  "model": "admin.logentry",
  "pk": 257,
  "fields": {
    "action_time": "2021-04-23T07:32:20.715Z",
    "user": 1,
    "content_type": 15,
    "object_id": "11",
    "object_repr": "DiseaseTranslation object (11)",
    "action_flag": 1,
    "change_message": "[{\"added\": {}}]"
  }
},
{
  "model": "admin.logentry",
  "pk": 258,
  "fields": {
    "action_time": "2021-04-23T07:59:14.478Z",
    "user": 1,
    "content_type": 13,
    "object_id": "1",
    "object_repr": "7 - Lee KW, Ching SM, Ramachandran V, Yee A, Hoo FK, Chia YC, et al. Prevalence and risk factors of gestational diabetes mellitus in Asia: a systematic review and meta-analysis. BMC Pregnancy Childbir",
    "action_flag": 1,
    "change_message": "[{\"added\": {}}]"
  }
},
{
  "model": "admin.logentry",
  "pk": 259,
  "fields": {
    "action_time": "2021-04-23T07:59:25.384Z",
    "user": 1,
    "content_type": 13,
    "object_id": "2",
    "object_repr": "8 - Hrolfsdottir L, Gunnarsdottir I, Birgisdottir BE, Hreidarsdottir IT, Smarason AKr, Hardardottir H, et al. Can a Simple Dietary Screening in Early Pregnancy Identify Dietary Habits Associated with ",
    "action_flag": 1,
    "change_message": "[{\"added\": {}}]"
  }
},
{
  "model": "admin.logentry",
  "pk": 260,
  "fields": {
    "action_time": "2021-04-23T07:59:38.320Z",
    "user": 1,
    "content_type": 13,
    "object_id": "3",
    "object_repr": "9 - Tobias DK, Zhang C, van Dam RM, Bowers K, Hu FB. Physical Activity Before and During Pregnancy and Risk of Gestational Diabetes Mellitus: A meta-analysis. Diabetes Care. 2011;34:2239.",
    "action_flag": 1,
    "change_message": "[{\"added\": {}}]"
  }
},
{
  "model": "admin.logentry",
  "pk": 261,
  "fields": {
    "action_time": "2021-04-26T08:07:34.596Z",
    "user": 1,
    "content_type": 15,
    "object_id": "11",
    "object_repr": "Thrombosis - (en, thrombosis)",
    "action_flag": 3,
    "change_message": ""
  }
},
{
  "model": "admin.logentry",
  "pk": 262,
  "fields": {
    "action_time": "2021-04-26T08:07:34.630Z",
    "user": 1,
    "content_type": 15,
    "object_id": "10",
    "object_repr": "Preeclampsia - (en, preeclampsia)",
    "action_flag": 3,
    "change_message": ""
  }
},
{
  "model": "admin.logentry",
  "pk": 263,
  "fields": {
    "action_time": "2021-04-26T08:07:34.676Z",
    "user": 1,
    "content_type": 15,
    "object_id": "9",
    "object_repr": "Pre-term Birth - (en, pre-term birth)",
    "action_flag": 3,
    "change_message": ""
  }
},
{
  "model": "admin.logentry",
  "pk": 264,
  "fields": {
    "action_time": "2021-04-26T08:07:34.707Z",
    "user": 1,
    "content_type": 15,
    "object_id": "8",
    "object_repr": "Placental Complications - (en, placental complications)",
    "action_flag": 3,
    "change_message": ""
  }
},
{
  "model": "admin.logentry",
  "pk": 265,
  "fields": {
    "action_time": "2021-04-26T08:07:34.741Z",
    "user": 1,
    "content_type": 15,
    "object_id": "7",
    "object_repr": "Miscarriage - (en, miscarriage)",
    "action_flag": 3,
    "change_message": ""
  }
},
{
  "model": "admin.logentry",
  "pk": 266,
  "fields": {
    "action_time": "2021-04-26T08:07:34.775Z",
    "user": 1,
    "content_type": 15,
    "object_id": "6",
    "object_repr": "Hypermesis Gravidarum - (en, hyperemesis gravidarum)",
    "action_flag": 3,
    "change_message": ""
  }
},
{
  "model": "admin.logentry",
  "pk": 267,
  "fields": {
    "action_time": "2021-04-26T08:07:34.812Z",
    "user": 1,
    "content_type": 15,
    "object_id": "5",
    "object_repr": "Gestational Diabetes Mellitus - (en, gestational diabetes mellitus)",
    "action_flag": 3,
    "change_message": ""
  }
},
{
  "model": "admin.logentry",
  "pk": 268,
  "fields": {
    "action_time": "2021-04-26T08:07:34.845Z",
    "user": 1,
    "content_type": 15,
    "object_id": "4",
    "object_repr": "Caesarean Section - (en, caesarean section)",
    "action_flag": 3,
    "change_message": ""
  }
},
{
  "model": "admin.logentry",
  "pk": 269,
  "fields": {
    "action_time": "2021-04-26T08:07:34.877Z",
    "user": 1,
    "content_type": 15,
    "object_id": "3",
    "object_repr": "Antepartum Haemorrhage - (en, antepartum haemorrhage)",
    "action_flag": 3,
    "change_message": ""
  }
},
{
  "model": "admin.logentry",
  "pk": 270,
  "fields": {
    "action_time": "2021-04-26T08:07:34.910Z",
    "user": 1,
    "content_type": 15,
    "object_id": "2",
    "object_repr": "Still Birth - (en, still birth)",
    "action_flag": 3,
    "change_message": ""
  }
},
{
  "model": "admin.logentry",
  "pk": 271,
  "fields": {
    "action_time": "2021-04-26T08:07:34.965Z",
    "user": 1,
    "content_type": 15,
    "object_id": "1",
    "object_repr": "Postpartum Depression - (en, postpartum depression)",
    "action_flag": 3,
    "change_message": ""
  }
},
{
  "model": "admin.logentry",
  "pk": 272,
  "fields": {
    "action_time": "2021-04-26T08:08:08.389Z",
    "user": 1,
    "content_type": 7,
    "object_id": "Disease",
    "object_repr": "Disease",
    "action_flag": 1,
    "change_message": "[{\"added\": {}}]"
  }
},
{
  "model": "admin.logentry",
  "pk": 273,
  "fields": {
    "action_time": "2021-04-29T09:31:06.455Z",
    "user": 1,
    "content_type": 15,
    "object_id": "11",
    "object_repr": "Thrombosis - (en, thrombosis)",
    "action_flag": 3,
    "change_message": ""
  }
},
{
  "model": "admin.logentry",
  "pk": 274,
  "fields": {
    "action_time": "2021-04-29T09:31:06.486Z",
    "user": 1,
    "content_type": 15,
    "object_id": "10",
    "object_repr": "Preeclampsia - (en, preeclampsia)",
    "action_flag": 3,
    "change_message": ""
  }
},
{
  "model": "admin.logentry",
  "pk": 275,
  "fields": {
    "action_time": "2021-04-29T09:31:06.514Z",
    "user": 1,
    "content_type": 15,
    "object_id": "9",
    "object_repr": "Pre-term Birth - (en, pre-term birth)",
    "action_flag": 3,
    "change_message": ""
  }
},
{
  "model": "admin.logentry",
  "pk": 276,
  "fields": {
    "action_time": "2021-04-29T09:31:06.536Z",
    "user": 1,
    "content_type": 15,
    "object_id": "8",
    "object_repr": "Placental Complications - (en, placental complications)",
    "action_flag": 3,
    "change_message": ""
  }
},
{
  "model": "admin.logentry",
  "pk": 277,
  "fields": {
    "action_time": "2021-04-29T09:31:06.554Z",
    "user": 1,
    "content_type": 15,
    "object_id": "7",
    "object_repr": "Miscarriage - (en, miscarriage)",
    "action_flag": 3,
    "change_message": ""
  }
},
{
  "model": "admin.logentry",
  "pk": 278,
  "fields": {
    "action_time": "2021-04-29T09:31:06.577Z",
    "user": 1,
    "content_type": 15,
    "object_id": "6",
    "object_repr": "Hypermesis Gravidarum - (en, hyperemesis gravidarum)",
    "action_flag": 3,
    "change_message": ""
  }
},
{
  "model": "admin.logentry",
  "pk": 279,
  "fields": {
    "action_time": "2021-04-29T09:31:06.599Z",
    "user": 1,
    "content_type": 15,
    "object_id": "5",
    "object_repr": "Gestational Diabetes Mellitus - (en, gestational diabetes mellitus)",
    "action_flag": 3,
    "change_message": ""
  }
},
{
  "model": "admin.logentry",
  "pk": 280,
  "fields": {
    "action_time": "2021-04-29T09:31:06.617Z",
    "user": 1,
    "content_type": 15,
    "object_id": "4",
    "object_repr": "Caesarean Section - (en, caesarean section)",
    "action_flag": 3,
    "change_message": ""
  }
},
{
  "model": "admin.logentry",
  "pk": 281,
  "fields": {
    "action_time": "2021-04-29T09:31:06.636Z",
    "user": 1,
    "content_type": 15,
    "object_id": "3",
    "object_repr": "Antepartum Haemorrhage - (en, antepartum haemorrhage)",
    "action_flag": 3,
    "change_message": ""
  }
},
{
  "model": "admin.logentry",
  "pk": 282,
  "fields": {
    "action_time": "2021-04-29T09:31:06.665Z",
    "user": 1,
    "content_type": 15,
    "object_id": "2",
    "object_repr": "Still Birth - (en, still birth)",
    "action_flag": 3,
    "change_message": ""
  }
},
{
  "model": "admin.logentry",
  "pk": 283,
  "fields": {
    "action_time": "2021-04-29T09:31:06.684Z",
    "user": 1,
    "content_type": 15,
    "object_id": "1",
    "object_repr": "Postpartum Depression - (en, postpartum depression)",
    "action_flag": 3,
    "change_message": ""
  }
},
{
  "model": "admin.logentry",
  "pk": 284,
  "fields": {
    "action_time": "2021-04-29T09:31:50.785Z",
    "user": 1,
    "content_type": 12,
    "object_id": "11",
    "object_repr": "thrombosis",
    "action_flag": 3,
    "change_message": ""
  }
},
{
  "model": "admin.logentry",
  "pk": 285,
  "fields": {
    "action_time": "2021-04-29T09:31:50.810Z",
    "user": 1,
    "content_type": 12,
    "object_id": "10",
    "object_repr": "preeclampsia",
    "action_flag": 3,
    "change_message": ""
  }
},
{
  "model": "admin.logentry",
  "pk": 286,
  "fields": {
    "action_time": "2021-04-29T09:31:50.833Z",
    "user": 1,
    "content_type": 12,
    "object_id": "9",
    "object_repr": "pre-term birth",
    "action_flag": 3,
    "change_message": ""
  }
},
{
  "model": "admin.logentry",
  "pk": 287,
  "fields": {
    "action_time": "2021-04-29T09:31:50.864Z",
    "user": 1,
    "content_type": 12,
    "object_id": "8",
    "object_repr": "placental complications",
    "action_flag": 3,
    "change_message": ""
  }
},
{
  "model": "admin.logentry",
  "pk": 288,
  "fields": {
    "action_time": "2021-04-29T09:31:50.884Z",
    "user": 1,
    "content_type": 12,
    "object_id": "7",
    "object_repr": "miscarriage",
    "action_flag": 3,
    "change_message": ""
  }
},
{
  "model": "admin.logentry",
  "pk": 289,
  "fields": {
    "action_time": "2021-04-29T09:31:50.906Z",
    "user": 1,
    "content_type": 12,
    "object_id": "6",
    "object_repr": "hyperemesis gravidarum",
    "action_flag": 3,
    "change_message": ""
  }
},
{
  "model": "admin.logentry",
  "pk": 290,
  "fields": {
    "action_time": "2021-04-29T09:31:50.928Z",
    "user": 1,
    "content_type": 12,
    "object_id": "5",
    "object_repr": "gestational diabetes mellitus",
    "action_flag": 3,
    "change_message": ""
  }
},
{
  "model": "admin.logentry",
  "pk": 291,
  "fields": {
    "action_time": "2021-04-29T09:31:50.948Z",
    "user": 1,
    "content_type": 12,
    "object_id": "4",
    "object_repr": "caesarean section",
    "action_flag": 3,
    "change_message": ""
  }
},
{
  "model": "admin.logentry",
  "pk": 292,
  "fields": {
    "action_time": "2021-04-29T09:31:50.967Z",
    "user": 1,
    "content_type": 12,
    "object_id": "3",
    "object_repr": "antepartum haemorrhage",
    "action_flag": 3,
    "change_message": ""
  }
},
{
  "model": "admin.logentry",
  "pk": 293,
  "fields": {
    "action_time": "2021-04-29T09:31:50.990Z",
    "user": 1,
    "content_type": 12,
    "object_id": "2",
    "object_repr": "still birth",
    "action_flag": 3,
    "change_message": ""
  }
},
{
  "model": "admin.logentry",
  "pk": 294,
  "fields": {
    "action_time": "2021-04-29T09:31:51.012Z",
    "user": 1,
    "content_type": 12,
    "object_id": "1",
    "object_repr": "postpartum depression",
    "action_flag": 3,
    "change_message": ""
  }
},
{
  "model": "admin.logentry",
  "pk": 295,
  "fields": {
    "action_time": "2021-04-29T09:32:37.244Z",
    "user": 1,
    "content_type": 9,
    "object_id": "35",
    "object_repr": "Disease: gestational_diabetes_mellitus",
    "action_flag": 1,
    "change_message": "[{\"added\": {}}]"
  }
},
{
  "model": "admin.logentry",
  "pk": 296,
  "fields": {
    "action_time": "2021-04-29T09:32:48.118Z",
    "user": 1,
    "content_type": 9,
    "object_id": "36",
    "object_repr": "Disease: preeclampsia",
    "action_flag": 1,
    "change_message": "[{\"added\": {}}]"
  }
},
{
  "model": "admin.logentry",
  "pk": 297,
  "fields": {
    "action_time": "2021-04-29T09:33:03.875Z",
    "user": 1,
    "content_type": 9,
    "object_id": "37",
    "object_repr": "Disease: pre-term birth",
    "action_flag": 1,
    "change_message": "[{\"added\": {}}]"
  }
},
{
  "model": "admin.logentry",
  "pk": 298,
  "fields": {
    "action_time": "2021-04-29T09:33:14.590Z",
    "user": 1,
    "content_type": 9,
    "object_id": "38",
    "object_repr": "Disease: miscarriage",
    "action_flag": 1,
    "change_message": "[{\"added\": {}}]"
  }
},
{
  "model": "admin.logentry",
  "pk": 299,
  "fields": {
    "action_time": "2021-04-29T09:33:27.840Z",
    "user": 1,
    "content_type": 9,
    "object_id": "39",
    "object_repr": "Disease: still birth",
    "action_flag": 1,
    "change_message": "[{\"added\": {}}]"
  }
},
{
  "model": "admin.logentry",
  "pk": 300,
  "fields": {
    "action_time": "2021-04-29T09:33:41.446Z",
    "user": 1,
    "content_type": 9,
    "object_id": "40",
    "object_repr": "Disease: cesarean_section",
    "action_flag": 1,
    "change_message": "[{\"added\": {}}]"
  }
},
{
  "model": "admin.logentry",
  "pk": 301,
  "fields": {
    "action_time": "2021-04-29T09:33:57.354Z",
    "user": 1,
    "content_type": 9,
    "object_id": "41",
    "object_repr": "Disease: postpartum_depression",
    "action_flag": 1,
    "change_message": "[{\"added\": {}}]"
  }
},
{
  "model": "admin.logentry",
  "pk": 302,
  "fields": {
    "action_time": "2021-04-29T09:34:12.156Z",
    "user": 1,
    "content_type": 9,
    "object_id": "42",
    "object_repr": "Disease: placental_complications",
    "action_flag": 1,
    "change_message": "[{\"added\": {}}]"
  }
},
{
  "model": "admin.logentry",
  "pk": 303,
  "fields": {
    "action_time": "2021-04-29T09:34:30.138Z",
    "user": 1,
    "content_type": 9,
    "object_id": "43",
    "object_repr": "Disease: hyperemesis_gravidarum",
    "action_flag": 1,
    "change_message": "[{\"added\": {}}]"
  }
},
{
  "model": "admin.logentry",
  "pk": 304,
  "fields": {
    "action_time": "2021-04-29T09:34:50.668Z",
    "user": 1,
    "content_type": 9,
    "object_id": "44",
    "object_repr": "Disease: antepartum_haemorrhage",
    "action_flag": 1,
    "change_message": "[{\"added\": {}}]"
  }
},
{
  "model": "admin.logentry",
  "pk": 305,
  "fields": {
    "action_time": "2021-04-29T09:35:05.643Z",
    "user": 1,
    "content_type": 9,
    "object_id": "45",
    "object_repr": "Disease: thrombosis",
    "action_flag": 1,
    "change_message": "[{\"added\": {}}]"
  }
},
{
  "model": "admin.logentry",
  "pk": 306,
  "fields": {
    "action_time": "2021-04-29T09:35:22.522Z",
    "user": 1,
    "content_type": 9,
    "object_id": "39",
    "object_repr": "Disease: still_birth",
    "action_flag": 2,
    "change_message": "[{\"changed\": {\"fields\": [\"Name\"]}}]"
  }
},
{
  "model": "admin.logentry",
  "pk": 307,
  "fields": {
    "action_time": "2021-04-29T09:35:32.501Z",
    "user": 1,
    "content_type": 9,
    "object_id": "37",
    "object_repr": "Disease: pre-term_birth",
    "action_flag": 2,
    "change_message": "[{\"changed\": {\"fields\": [\"Name\"]}}]"
  }
},
{
  "model": "admin.logentry",
  "pk": 308,
  "fields": {
    "action_time": "2021-04-29T09:35:58.873Z",
    "user": 1,
    "content_type": 10,
    "object_id": "103",
    "object_repr": "Disease: gestational_diabetes_mellitus (en)",
    "action_flag": 1,
    "change_message": "[{\"added\": {}}]"
  }
},
{
  "model": "admin.logentry",
  "pk": 309,
  "fields": {
    "action_time": "2021-04-29T09:36:11.953Z",
    "user": 1,
    "content_type": 10,
    "object_id": "104",
    "object_repr": "Disease: preeclampsia (en)",
    "action_flag": 1,
    "change_message": "[{\"added\": {}}]"
  }
},
{
  "model": "admin.logentry",
  "pk": 310,
  "fields": {
    "action_time": "2021-04-29T09:36:22.496Z",
    "user": 1,
    "content_type": 10,
    "object_id": "105",
    "object_repr": "Disease: pre-term_birth (en)",
    "action_flag": 1,
    "change_message": "[{\"added\": {}}]"
  }
},
{
  "model": "admin.logentry",
  "pk": 311,
  "fields": {
    "action_time": "2021-04-29T09:36:35.588Z",
    "user": 1,
    "content_type": 10,
    "object_id": "106",
    "object_repr": "Disease: miscarriage (en)",
    "action_flag": 1,
    "change_message": "[{\"added\": {}}]"
  }
},
{
  "model": "admin.logentry",
  "pk": 312,
  "fields": {
    "action_time": "2021-04-29T09:36:56.306Z",
    "user": 1,
    "content_type": 10,
    "object_id": "107",
    "object_repr": "Disease: still_birth (en)",
    "action_flag": 1,
    "change_message": "[{\"added\": {}}]"
  }
},
{
  "model": "admin.logentry",
  "pk": 313,
  "fields": {
    "action_time": "2021-04-29T09:37:14.765Z",
    "user": 1,
    "content_type": 7,
    "object_id": "Complication",
    "object_repr": "Complication",
    "action_flag": 2,
    "change_message": "[{\"changed\": {\"fields\": [\"Content type\"]}}]"
  }
},
{
  "model": "admin.logentry",
  "pk": 314,
  "fields": {
    "action_time": "2021-04-29T09:37:25.061Z",
    "user": 1,
    "content_type": 7,
    "object_id": "Complication",
    "object_repr": "Complication",
    "action_flag": 2,
    "change_message": "[{\"changed\": {\"fields\": [\"Content type\"]}}]"
  }
},
{
  "model": "admin.logentry",
  "pk": 315,
  "fields": {
    "action_time": "2021-04-29T09:37:36.082Z",
    "user": 1,
    "content_type": 7,
    "object_id": "Disease",
    "object_repr": "Disease",
    "action_flag": 3,
    "change_message": ""
  }
},
{
  "model": "admin.logentry",
  "pk": 316,
  "fields": {
    "action_time": "2021-04-29T09:37:49.622Z",
    "user": 1,
    "content_type": 9,
    "object_id": "46",
    "object_repr": "Complication: antepartum_haemorrhage",
    "action_flag": 1,
    "change_message": "[{\"added\": {}}]"
  }
},
{
  "model": "admin.logentry",
  "pk": 317,
  "fields": {
    "action_time": "2021-04-29T09:37:59.818Z",
    "user": 1,
    "content_type": 9,
    "object_id": "47",
    "object_repr": "Complication: cesarean_section",
    "action_flag": 1,
    "change_message": "[{\"added\": {}}]"
  }
},
{
  "model": "admin.logentry",
  "pk": 318,
  "fields": {
    "action_time": "2021-04-29T09:38:07.299Z",
    "user": 1,
    "content_type": 9,
    "object_id": "48",
    "object_repr": "Complication: gestational_diabetes_mellitus",
    "action_flag": 1,
    "change_message": "[{\"added\": {}}]"
  }
},
{
  "model": "admin.logentry",
  "pk": 319,
  "fields": {
    "action_time": "2021-04-29T09:38:15.697Z",
    "user": 1,
    "content_type": 9,
    "object_id": "49",
    "object_repr": "Complication: hyperemesis_gravidarum",
    "action_flag": 1,
    "change_message": "[{\"added\": {}}]"
  }
},
{
  "model": "admin.logentry",
  "pk": 320,
  "fields": {
    "action_time": "2021-04-29T09:38:25.236Z",
    "user": 1,
    "content_type": 9,
    "object_id": "50",
    "object_repr": "Complication: miscarriage",
    "action_flag": 1,
    "change_message": "[{\"added\": {}}]"
  }
},
{
  "model": "admin.logentry",
  "pk": 321,
  "fields": {
    "action_time": "2021-04-29T09:38:33.316Z",
    "user": 1,
    "content_type": 9,
    "object_id": "51",
    "object_repr": "Complication: placental_complications",
    "action_flag": 1,
    "change_message": "[{\"added\": {}}]"
  }
},
{
  "model": "admin.logentry",
  "pk": 322,
  "fields": {
    "action_time": "2021-04-29T09:38:43.212Z",
    "user": 1,
    "content_type": 9,
    "object_id": "52",
    "object_repr": "Complication: postpartum_depression",
    "action_flag": 1,
    "change_message": "[{\"added\": {}}]"
  }
},
{
  "model": "admin.logentry",
  "pk": 323,
  "fields": {
    "action_time": "2021-04-29T09:38:55.713Z",
    "user": 1,
    "content_type": 9,
    "object_id": "53",
    "object_repr": "Complication: pre-term_birth",
    "action_flag": 1,
    "change_message": "[{\"added\": {}}]"
  }
},
{
  "model": "admin.logentry",
  "pk": 324,
  "fields": {
    "action_time": "2021-04-29T09:39:05.291Z",
    "user": 1,
    "content_type": 9,
    "object_id": "54",
    "object_repr": "Complication: preeclampsia",
    "action_flag": 1,
    "change_message": "[{\"added\": {}}]"
  }
},
{
  "model": "admin.logentry",
  "pk": 325,
  "fields": {
    "action_time": "2021-04-29T09:39:14.246Z",
    "user": 1,
    "content_type": 9,
    "object_id": "55",
    "object_repr": "Complication: still_birth",
    "action_flag": 1,
    "change_message": "[{\"added\": {}}]"
  }
},
{
  "model": "admin.logentry",
  "pk": 326,
  "fields": {
    "action_time": "2021-04-29T09:39:21.578Z",
    "user": 1,
    "content_type": 9,
    "object_id": "56",
    "object_repr": "Complication: thrombosis",
    "action_flag": 1,
    "change_message": "[{\"added\": {}}]"
  }
},
{
  "model": "admin.logentry",
  "pk": 327,
  "fields": {
    "action_time": "2021-04-29T09:39:40.669Z",
    "user": 1,
    "content_type": 10,
    "object_id": "108",
    "object_repr": "Complication: antepartum_haemorrhage (en)",
    "action_flag": 1,
    "change_message": "[{\"added\": {}}]"
  }
},
{
  "model": "admin.logentry",
  "pk": 328,
  "fields": {
    "action_time": "2021-04-29T09:39:56.597Z",
    "user": 1,
    "content_type": 10,
    "object_id": "109",
    "object_repr": "Complication: cesarean_section (en)",
    "action_flag": 1,
    "change_message": "[{\"added\": {}}]"
  }
},
{
  "model": "admin.logentry",
  "pk": 329,
  "fields": {
    "action_time": "2021-04-29T09:40:15.738Z",
    "user": 1,
    "content_type": 10,
    "object_id": "110",
    "object_repr": "Complication: gestational_diabetes_mellitus (en)",
    "action_flag": 1,
    "change_message": "[{\"added\": {}}]"
  }
},
{
  "model": "admin.logentry",
  "pk": 330,
  "fields": {
    "action_time": "2021-04-29T09:40:28.996Z",
    "user": 1,
    "content_type": 10,
    "object_id": "111",
    "object_repr": "Complication: hyperemesis_gravidarum (en)",
    "action_flag": 1,
    "change_message": "[{\"added\": {}}]"
  }
},
{
  "model": "admin.logentry",
  "pk": 331,
  "fields": {
    "action_time": "2021-04-29T09:40:40.710Z",
    "user": 1,
    "content_type": 10,
    "object_id": "112",
    "object_repr": "Complication: miscarriage (en)",
    "action_flag": 1,
    "change_message": "[{\"added\": {}}]"
  }
},
{
  "model": "admin.logentry",
  "pk": 332,
  "fields": {
    "action_time": "2021-04-29T09:40:53.566Z",
    "user": 1,
    "content_type": 10,
    "object_id": "113",
    "object_repr": "Complication: placental_complications (en)",
    "action_flag": 1,
    "change_message": "[{\"added\": {}}]"
  }
},
{
  "model": "admin.logentry",
  "pk": 333,
  "fields": {
    "action_time": "2021-04-29T09:41:04.735Z",
    "user": 1,
    "content_type": 10,
    "object_id": "114",
    "object_repr": "Complication: postpartum_depression (en)",
    "action_flag": 1,
    "change_message": "[{\"added\": {}}]"
  }
},
{
  "model": "admin.logentry",
  "pk": 334,
  "fields": {
    "action_time": "2021-04-29T09:41:16.392Z",
    "user": 1,
    "content_type": 10,
    "object_id": "115",
    "object_repr": "Complication: pre-term_birth (en)",
    "action_flag": 1,
    "change_message": "[{\"added\": {}}]"
  }
},
{
  "model": "admin.logentry",
  "pk": 335,
  "fields": {
    "action_time": "2021-04-29T09:41:28.123Z",
    "user": 1,
    "content_type": 10,
    "object_id": "116",
    "object_repr": "Complication: preeclampsia (en)",
    "action_flag": 1,
    "change_message": "[{\"added\": {}}]"
  }
},
{
  "model": "admin.logentry",
  "pk": 336,
  "fields": {
    "action_time": "2021-04-29T09:41:38.340Z",
    "user": 1,
    "content_type": 10,
    "object_id": "117",
    "object_repr": "Complication: still_birth (en)",
    "action_flag": 1,
    "change_message": "[{\"added\": {}}]"
  }
},
{
  "model": "admin.logentry",
  "pk": 337,
  "fields": {
    "action_time": "2021-04-29T09:41:48.934Z",
    "user": 1,
    "content_type": 10,
    "object_id": "118",
    "object_repr": "Complication: thrombosis (en)",
    "action_flag": 1,
    "change_message": "[{\"added\": {}}]"
  }
},
{
  "model": "admin.logentry",
  "pk": 338,
  "fields": {
    "action_time": "2021-04-29T11:13:28.331Z",
    "user": 1,
    "content_type": 7,
    "object_id": "Complication Risk",
    "object_repr": "Complication Risk",
    "action_flag": 1,
    "change_message": "[{\"added\": {}}]"
  }
},
{
  "model": "admin.logentry",
  "pk": 339,
  "fields": {
    "action_time": "2021-04-29T11:13:59.415Z",
    "user": 1,
    "content_type": 7,
    "object_id": "Complication Risk",
    "object_repr": "Complication Risk",
    "action_flag": 3,
    "change_message": ""
  }
},
{
  "model": "admin.logentry",
  "pk": 340,
  "fields": {
    "action_time": "2021-04-29T11:23:34.258Z",
    "user": 1,
    "content_type": 9,
    "object_id": "57",
    "object_repr": "Text: percentage_of_pregnancies",
    "action_flag": 1,
    "change_message": "[{\"added\": {}}]"
  }
},
{
  "model": "admin.logentry",
  "pk": 341,
  "fields": {
    "action_time": "2021-04-29T11:24:06.569Z",
    "user": 1,
    "content_type": 10,
    "object_id": "119",
    "object_repr": "Text: percentage_of_pregnancies (en)",
    "action_flag": 1,
    "change_message": "[{\"added\": {}}]"
  }
},
{
  "model": "admin.logentry",
  "pk": 342,
  "fields": {
    "action_time": "2021-04-29T11:28:56.660Z",
    "user": 1,
    "content_type": 16,
    "object_id": "1",
    "object_repr": "Complication: gestational_diabetes_mellitus - 1",
    "action_flag": 1,
    "change_message": "[{\"added\": {}}]"
  }
},
{
  "model": "admin.logentry",
  "pk": 343,
  "fields": {
    "action_time": "2021-04-29T11:29:36.745Z",
    "user": 1,
    "content_type": 16,
    "object_id": "1",
    "object_repr": "Complication: gestational_diabetes_mellitus - 0",
    "action_flag": 2,
    "change_message": "[{\"changed\": {\"fields\": [\"Severity\"]}}]"
  }
},
{
  "model": "admin.logentry",
  "pk": 344,
  "fields": {
    "action_time": "2021-04-29T11:29:49.658Z",
    "user": 1,
    "content_type": 16,
    "object_id": "2",
    "object_repr": "Complication: gestational_diabetes_mellitus - 1",
    "action_flag": 1,
    "change_message": "[{\"added\": {}}]"
  }
},
{
  "model": "admin.logentry",
  "pk": 345,
  "fields": {
    "action_time": "2021-04-29T11:30:05.170Z",
    "user": 1,
    "content_type": 16,
    "object_id": "3",
    "object_repr": "Complication: gestational_diabetes_mellitus - 2",
    "action_flag": 1,
    "change_message": "[{\"added\": {}}]"
  }
},
{
  "model": "admin.logentry",
  "pk": 346,
  "fields": {
    "action_time": "2021-04-29T11:30:15.292Z",
    "user": 1,
    "content_type": 16,
    "object_id": "4",
    "object_repr": "Complication: gestational_diabetes_mellitus - 3",
    "action_flag": 1,
    "change_message": "[{\"added\": {}}]"
  }
},
{
  "model": "admin.logentry",
  "pk": 347,
  "fields": {
    "action_time": "2021-04-29T11:30:37.091Z",
    "user": 1,
    "content_type": 16,
    "object_id": "5",
    "object_repr": "Complication: gestational_diabetes_mellitus - 4",
    "action_flag": 1,
    "change_message": "[{\"added\": {}}]"
  }
},
{
  "model": "admin.logentry",
  "pk": 348,
  "fields": {
    "action_time": "2021-04-29T11:40:40.029Z",
    "user": 1,
    "content_type": 10,
    "object_id": "119",
    "object_repr": "Text: percentage_of_pregnancies (en)",
    "action_flag": 2,
    "change_message": "[{\"changed\": {\"fields\": [\"Text\"]}}]"
  }
},
{
  "model": "admin.logentry",
  "pk": 349,
  "fields": {
    "action_time": "2021-05-03T15:14:40.387Z",
    "user": 1,
    "content_type": 9,
    "object_id": "58",
    "object_repr": "Question: chronic_hypertension",
    "action_flag": 1,
    "change_message": "[{\"added\": {}}]"
  }
},
{
  "model": "admin.logentry",
  "pk": 350,
  "fields": {
    "action_time": "2021-05-03T15:14:45.187Z",
    "user": 1,
    "content_type": 9,
    "object_id": "59",
    "object_repr": "Question: systemic_lupus_erythematosus",
    "action_flag": 1,
    "change_message": "[{\"added\": {}}]"
  }
},
{
  "model": "admin.logentry",
  "pk": 351,
  "fields": {
    "action_time": "2021-05-03T15:15:39.560Z",
    "user": 1,
    "content_type": 9,
    "object_id": "60",
    "object_repr": "Question: conception_by_IVF",
    "action_flag": 1,
    "change_message": "[{\"added\": {}}]"
  }
},
{
  "model": "admin.logentry",
  "pk": 352,
  "fields": {
    "action_time": "2021-05-03T15:15:44.043Z",
    "user": 1,
    "content_type": 9,
    "object_id": "61",
    "object_repr": "Question: parous_ppe",
    "action_flag": 1,
    "change_message": "[{\"added\": {}}]"
  }
},
{
  "model": "admin.logentry",
  "pk": 353,
  "fields": {
    "action_time": "2021-05-03T15:15:51.559Z",
    "user": 1,
    "content_type": 9,
    "object_id": "62",
    "object_repr": "Question: parous_no_ppe",
    "action_flag": 1,
    "change_message": "[{\"added\": {}}]"
  }
},
{
  "model": "admin.logentry",
  "pk": 354,
  "fields": {
    "action_time": "2021-05-03T15:16:01.364Z",
    "user": 1,
    "content_type": 9,
    "object_id": "63",
    "object_repr": "Question: gestational_age",
    "action_flag": 1,
    "change_message": "[{\"added\": {}}]"
  }
},
{
  "model": "admin.logentry",
  "pk": 355,
  "fields": {
    "action_time": "2021-05-03T15:16:10.438Z",
    "user": 1,
    "content_type": 9,
    "object_id": "64",
    "object_repr": "Question: interpregnancy_interval",
    "action_flag": 1,
    "change_message": "[{\"added\": {}}]"
  }
},
{
  "model": "admin.logentry",
  "pk": 356,
  "fields": {
    "action_time": "2021-05-03T15:16:14.956Z",
    "user": 1,
    "content_type": 9,
    "object_id": "65",
    "object_repr": "Question: preeclampsia_familiy",
    "action_flag": 1,
    "change_message": "[{\"added\": {}}]"
  }
},
{
  "model": "admin.logentry",
  "pk": 357,
  "fields": {
    "action_time": "2021-05-03T15:17:45.636Z",
    "user": 1,
    "content_type": 9,
    "object_id": "66",
    "object_repr": "Question: gdm",
    "action_flag": 1,
    "change_message": "[{\"added\": {}}]"
  }
},
{
  "model": "admin.logentry",
  "pk": 358,
  "fields": {
    "action_time": "2021-05-03T15:17:53.924Z",
    "user": 1,
    "content_type": 14,
    "object_id": "gdm",
    "object_repr": "gdm (boolean)",
    "action_flag": 2,
    "change_message": "[{\"changed\": {\"fields\": [\"Question\"]}}]"
  }
},
{
  "model": "admin.logentry",
  "pk": 359,
  "fields": {
    "action_time": "2021-05-03T15:18:07.412Z",
    "user": 1,
    "content_type": 9,
    "object_id": "67",
    "object_repr": "Question: smoking",
    "action_flag": 1,
    "change_message": "[{\"added\": {}}]"
  }
},
{
  "model": "admin.logentry",
  "pk": 360,
  "fields": {
    "action_time": "2021-05-03T15:18:11.463Z",
    "user": 1,
    "content_type": 9,
    "object_id": "68",
    "object_repr": "Question: stress",
    "action_flag": 1,
    "change_message": "[{\"added\": {}}]"
  }
},
{
  "model": "admin.logentry",
  "pk": 361,
  "fields": {
    "action_time": "2021-05-03T15:18:16.613Z",
    "user": 1,
    "content_type": 9,
    "object_id": "69",
    "object_repr": "Question: previous_preterm",
    "action_flag": 1,
    "change_message": "[{\"added\": {}}]"
  }
},
{
  "model": "admin.logentry",
  "pk": 362,
  "fields": {
    "action_time": "2021-05-03T15:18:24.431Z",
    "user": 1,
    "content_type": 9,
    "object_id": "70",
    "object_repr": "Question: cervical_surgery",
    "action_flag": 1,
    "change_message": "[{\"added\": {}}]"
  }
},
{
  "model": "admin.logentry",
  "pk": 363,
  "fields": {
    "action_time": "2021-05-03T15:18:28.833Z",
    "user": 1,
    "content_type": 9,
    "object_id": "71",
    "object_repr": "Question: multiple_gestations",
    "action_flag": 1,
    "change_message": "[{\"added\": {}}]"
  }
},
{
  "model": "admin.logentry",
  "pk": 364,
  "fields": {
    "action_time": "2021-05-03T15:18:33.238Z",
    "user": 1,
    "content_type": 9,
    "object_id": "72",
    "object_repr": "Question: hepatitis_c",
    "action_flag": 1,
    "change_message": "[{\"added\": {}}]"
  }
},
{
  "model": "admin.logentry",
  "pk": 365,
  "fields": {
    "action_time": "2021-05-03T15:18:37.382Z",
    "user": 1,
    "content_type": 9,
    "object_id": "73",
    "object_repr": "Question: hypertension",
    "action_flag": 1,
    "change_message": "[{\"added\": {}}]"
  }
},
{
  "model": "admin.logentry",
  "pk": 366,
  "fields": {
    "action_time": "2021-05-03T15:18:41.281Z",
    "user": 1,
    "content_type": 9,
    "object_id": "74",
    "object_repr": "Question: eclampsia",
    "action_flag": 1,
    "change_message": "[{\"added\": {}}]"
  }
},
{
  "model": "admin.logentry",
  "pk": 367,
  "fields": {
    "action_time": "2021-05-03T15:18:45.562Z",
    "user": 1,
    "content_type": 9,
    "object_id": "75",
    "object_repr": "Question: infertility_treatment",
    "action_flag": 1,
    "change_message": "[{\"added\": {}}]"
  }
},
{
  "model": "admin.logentry",
  "pk": 368,
  "fields": {
    "action_time": "2021-05-03T15:18:49.678Z",
    "user": 1,
    "content_type": 9,
    "object_id": "76",
    "object_repr": "Question: gonorhea",
    "action_flag": 1,
    "change_message": "[{\"added\": {}}]"
  }
},
{
  "model": "admin.logentry",
  "pk": 369,
  "fields": {
    "action_time": "2021-05-03T15:18:53.725Z",
    "user": 1,
    "content_type": 9,
    "object_id": "77",
    "object_repr": "Question: syphilis",
    "action_flag": 1,
    "change_message": "[{\"added\": {}}]"
  }
},
{
  "model": "admin.logentry",
  "pk": 370,
  "fields": {
    "action_time": "2021-05-03T15:18:57.446Z",
    "user": 1,
    "content_type": 9,
    "object_id": "78",
    "object_repr": "Question: higher_education",
    "action_flag": 1,
    "change_message": "[{\"added\": {}}]"
  }
},
{
  "model": "admin.logentry",
  "pk": 371,
  "fields": {
    "action_time": "2021-05-03T15:19:01.183Z",
    "user": 1,
    "content_type": 9,
    "object_id": "79",
    "object_repr": "Question: nausea",
    "action_flag": 1,
    "change_message": "[{\"added\": {}}]"
  }
},
{
  "model": "admin.logentry",
  "pk": 372,
  "fields": {
    "action_time": "2021-05-03T15:19:04.941Z",
    "user": 1,
    "content_type": 9,
    "object_id": "80",
    "object_repr": "Question: paternal_age",
    "action_flag": 1,
    "change_message": "[{\"added\": {}}]"
  }
},
{
  "model": "admin.logentry",
  "pk": 373,
  "fields": {
    "action_time": "2021-05-03T15:19:08.907Z",
    "user": 1,
    "content_type": 9,
    "object_id": "81",
    "object_repr": "Question: previous_miscarriage",
    "action_flag": 1,
    "change_message": "[{\"added\": {}}]"
  }
},
{
  "model": "admin.logentry",
  "pk": 374,
  "fields": {
    "action_time": "2021-05-03T15:19:12.774Z",
    "user": 1,
    "content_type": 9,
    "object_id": "82",
    "object_repr": "Question: miscarriage_family",
    "action_flag": 1,
    "change_message": "[{\"added\": {}}]"
  }
},
{
  "model": "admin.logentry",
  "pk": 375,
  "fields": {
    "action_time": "2021-05-03T15:19:18.213Z",
    "user": 1,
    "content_type": 9,
    "object_id": "83",
    "object_repr": "Question: adverse_childhood_1",
    "action_flag": 1,
    "change_message": "[{\"added\": {}}]"
  }
},
{
  "model": "admin.logentry",
  "pk": 376,
  "fields": {
    "action_time": "2021-05-03T15:19:22.596Z",
    "user": 1,
    "content_type": 9,
    "object_id": "84",
    "object_repr": "Question: adverse_childhood_2",
    "action_flag": 1,
    "change_message": "[{\"added\": {}}]"
  }
},
{
  "model": "admin.logentry",
  "pk": 377,
  "fields": {
    "action_time": "2021-05-03T15:19:26.110Z",
    "user": 1,
    "content_type": 9,
    "object_id": "85",
    "object_repr": "Question: adverse_childhood_3",
    "action_flag": 1,
    "change_message": "[{\"added\": {}}]"
  }
},
{
  "model": "admin.logentry",
  "pk": 378,
  "fields": {
    "action_time": "2021-05-03T15:19:30.497Z",
    "user": 1,
    "content_type": 9,
    "object_id": "86",
    "object_repr": "Question: adverse_childhood_4",
    "action_flag": 1,
    "change_message": "[{\"added\": {}}]"
  }
},
{
  "model": "admin.logentry",
  "pk": 379,
  "fields": {
    "action_time": "2021-05-03T15:19:35.086Z",
    "user": 1,
    "content_type": 9,
    "object_id": "87",
    "object_repr": "Question: adverse_childhood_5",
    "action_flag": 1,
    "change_message": "[{\"added\": {}}]"
  }
},
{
  "model": "admin.logentry",
  "pk": 380,
  "fields": {
    "action_time": "2021-05-03T15:19:40.111Z",
    "user": 1,
    "content_type": 9,
    "object_id": "88",
    "object_repr": "Question: adverse_childhood_6",
    "action_flag": 1,
    "change_message": "[{\"added\": {}}]"
  }
},
{
  "model": "admin.logentry",
  "pk": 381,
  "fields": {
    "action_time": "2021-05-03T15:19:43.823Z",
    "user": 1,
    "content_type": 9,
    "object_id": "89",
    "object_repr": "Question: adverse_childhood_7",
    "action_flag": 1,
    "change_message": "[{\"added\": {}}]"
  }
},
{
  "model": "admin.logentry",
  "pk": 382,
  "fields": {
    "action_time": "2021-05-03T15:19:48.004Z",
    "user": 1,
    "content_type": 9,
    "object_id": "90",
    "object_repr": "Question: adverse_childhood_8",
    "action_flag": 1,
    "change_message": "[{\"added\": {}}]"
  }
},
{
  "model": "admin.logentry",
  "pk": 383,
  "fields": {
    "action_time": "2021-05-03T15:19:52.660Z",
    "user": 1,
    "content_type": 9,
    "object_id": "91",
    "object_repr": "Question: preeclampsia",
    "action_flag": 1,
    "change_message": "[{\"added\": {}}]"
  }
},
{
  "model": "admin.logentry",
  "pk": 384,
  "fields": {
    "action_time": "2021-05-03T15:20:55.816Z",
    "user": 1,
    "content_type": 9,
    "object_id": "92",
    "object_repr": "Question: night_shift_frequency",
    "action_flag": 1,
    "change_message": "[{\"added\": {}}]"
  }
},
{
  "model": "admin.logentry",
  "pk": 385,
  "fields": {
    "action_time": "2021-05-03T15:21:00.669Z",
    "user": 1,
    "content_type": 9,
    "object_id": "93",
    "object_repr": "Question: alcohol",
    "action_flag": 1,
    "change_message": "[{\"added\": {}}]"
  }
},
{
  "model": "admin.logentry",
  "pk": 386,
  "fields": {
    "action_time": "2021-05-03T15:21:06.073Z",
    "user": 1,
    "content_type": 9,
    "object_id": "94",
    "object_repr": "Question: percieved_stress_1",
    "action_flag": 1,
    "change_message": "[{\"added\": {}}]"
  }
},
{
  "model": "admin.logentry",
  "pk": 387,
  "fields": {
    "action_time": "2021-05-03T15:21:09.273Z",
    "user": 1,
    "content_type": 9,
    "object_id": "95",
    "object_repr": "Question: percieved_stress_2",
    "action_flag": 1,
    "change_message": "[{\"added\": {}}]"
  }
},
{
  "model": "admin.logentry",
  "pk": 388,
  "fields": {
    "action_time": "2021-05-03T15:21:12.889Z",
    "user": 1,
    "content_type": 9,
    "object_id": "96",
    "object_repr": "Question: percieved_stress_3",
    "action_flag": 1,
    "change_message": "[{\"added\": {}}]"
  }
},
{
  "model": "admin.logentry",
  "pk": 389,
  "fields": {
    "action_time": "2021-05-03T15:21:16.819Z",
    "user": 1,
    "content_type": 9,
    "object_id": "97",
    "object_repr": "Question: percieved_stress_4",
    "action_flag": 1,
    "change_message": "[{\"added\": {}}]"
  }
},
{
  "model": "admin.logentry",
  "pk": 390,
  "fields": {
    "action_time": "2021-05-03T15:21:23.266Z",
    "user": 1,
    "content_type": 9,
    "object_id": "98",
    "object_repr": "Question: percieved_stress_5",
    "action_flag": 1,
    "change_message": "[{\"added\": {}}]"
  }
},
{
  "model": "admin.logentry",
  "pk": 391,
  "fields": {
    "action_time": "2021-05-03T15:21:29.020Z",
    "user": 1,
    "content_type": 9,
    "object_id": "99",
    "object_repr": "Question: percieved_stress_6",
    "action_flag": 1,
    "change_message": "[{\"added\": {}}]"
  }
},
{
  "model": "admin.logentry",
  "pk": 392,
  "fields": {
    "action_time": "2021-05-03T15:21:32.471Z",
    "user": 1,
    "content_type": 9,
    "object_id": "100",
    "object_repr": "Question: percieved_stress_7",
    "action_flag": 1,
    "change_message": "[{\"added\": {}}]"
  }
},
{
  "model": "admin.logentry",
  "pk": 393,
  "fields": {
    "action_time": "2021-05-03T15:21:35.750Z",
    "user": 1,
    "content_type": 9,
    "object_id": "101",
    "object_repr": "Question: percieved_stress_8",
    "action_flag": 1,
    "change_message": "[{\"added\": {}}]"
  }
},
{
  "model": "admin.logentry",
  "pk": 394,
  "fields": {
    "action_time": "2021-05-03T15:21:39.826Z",
    "user": 1,
    "content_type": 9,
    "object_id": "102",
    "object_repr": "Question: high_energy",
    "action_flag": 1,
    "change_message": "[{\"added\": {}}]"
  }
},
{
  "model": "admin.logentry",
  "pk": 395,
  "fields": {
    "action_time": "2021-05-03T15:21:44.748Z",
    "user": 1,
    "content_type": 9,
    "object_id": "103",
    "object_repr": "Question: sex",
    "action_flag": 1,
    "change_message": "[{\"added\": {}}]"
  }
},
{
  "model": "admin.logentry",
  "pk": 396,
  "fields": {
    "action_time": "2021-05-03T15:21:54.400Z",
    "user": 1,
    "content_type": 9,
    "object_id": "104",
    "object_repr": "Question: infection",
    "action_flag": 1,
    "change_message": "[{\"added\": {}}]"
  }
},
{
  "model": "admin.logentry",
  "pk": 397,
  "fields": {
    "action_time": "2021-05-03T15:21:59.922Z",
    "user": 1,
    "content_type": 9,
    "object_id": "105",
    "object_repr": "Question: rhesus_disease",
    "action_flag": 1,
    "change_message": "[{\"added\": {}}]"
  }
},
{
  "model": "admin.logentry",
  "pk": 398,
  "fields": {
    "action_time": "2021-05-03T15:22:03.950Z",
    "user": 1,
    "content_type": 9,
    "object_id": "106",
    "object_repr": "Question: education_years",
    "action_flag": 1,
    "change_message": "[{\"added\": {}}]"
  }
},
{
  "model": "admin.logentry",
  "pk": 399,
  "fields": {
    "action_time": "2021-05-03T15:22:08.519Z",
    "user": 1,
    "content_type": 9,
    "object_id": "107",
    "object_repr": "Question: stressfull_event",
    "action_flag": 1,
    "change_message": "[{\"added\": {}}]"
  }
},
{
  "model": "admin.logentry",
  "pk": 400,
  "fields": {
    "action_time": "2021-05-03T15:22:12.342Z",
    "user": 1,
    "content_type": 9,
    "object_id": "108",
    "object_repr": "Question: mood_disorder",
    "action_flag": 1,
    "change_message": "[{\"added\": {}}]"
  }
},
{
  "model": "admin.logentry",
  "pk": 401,
  "fields": {
    "action_time": "2021-05-03T15:22:15.902Z",
    "user": 1,
    "content_type": 9,
    "object_id": "109",
    "object_repr": "Question: child_problems",
    "action_flag": 1,
    "change_message": "[{\"added\": {}}]"
  }
},
{
  "model": "admin.logentry",
  "pk": 402,
  "fields": {
    "action_time": "2021-05-03T15:22:19.605Z",
    "user": 1,
    "content_type": 9,
    "object_id": "110",
    "object_repr": "Question: chicken_pox",
    "action_flag": 1,
    "change_message": "[{\"added\": {}}]"
  }
},
{
  "model": "admin.logentry",
  "pk": 403,
  "fields": {
    "action_time": "2021-05-03T15:22:23.825Z",
    "user": 1,
    "content_type": 9,
    "object_id": "111",
    "object_repr": "Question: gynecological_inflammation",
    "action_flag": 1,
    "change_message": "[{\"added\": {}}]"
  }
},
{
  "model": "admin.logentry",
  "pk": 404,
  "fields": {
    "action_time": "2021-05-03T15:22:27.368Z",
    "user": 1,
    "content_type": 9,
    "object_id": "112",
    "object_repr": "Question: infant_weight",
    "action_flag": 1,
    "change_message": "[{\"added\": {}}]"
  }
},
{
  "model": "admin.logentry",
  "pk": 405,
  "fields": {
    "action_time": "2021-05-03T15:22:30.944Z",
    "user": 1,
    "content_type": 9,
    "object_id": "113",
    "object_repr": "Question: lacking_support",
    "action_flag": 1,
    "change_message": "[{\"added\": {}}]"
  }
},
{
  "model": "admin.logentry",
  "pk": 406,
  "fields": {
    "action_time": "2021-05-03T15:22:34.827Z",
    "user": 1,
    "content_type": 9,
    "object_id": "114",
    "object_repr": "Question: infant_admission",
    "action_flag": 1,
    "change_message": "[{\"added\": {}}]"
  }
},
{
  "model": "admin.logentry",
  "pk": 407,
  "fields": {
    "action_time": "2021-05-03T15:22:38.627Z",
    "user": 1,
    "content_type": 9,
    "object_id": "115",
    "object_repr": "Question: relationship_problems",
    "action_flag": 1,
    "change_message": "[{\"added\": {}}]"
  }
},
{
  "model": "admin.logentry",
  "pk": 408,
  "fields": {
    "action_time": "2021-05-03T15:22:42.490Z",
    "user": 1,
    "content_type": 9,
    "object_id": "116",
    "object_repr": "Question: unplanned",
    "action_flag": 1,
    "change_message": "[{\"added\": {}}]"
  }
},
{
  "model": "admin.logentry",
  "pk": 409,
  "fields": {
    "action_time": "2021-05-03T15:24:01.680Z",
    "user": 1,
    "content_type": 14,
    "object_id": "chronic_hypertension",
    "object_repr": "chronic_hypertension (boolean)",
    "action_flag": 1,
    "change_message": "[{\"added\": {}}]"
  }
},
{
  "model": "admin.logentry",
  "pk": 410,
  "fields": {
    "action_time": "2021-05-03T15:24:16.729Z",
    "user": 1,
    "content_type": 14,
    "object_id": "systemic_lupus_erythematosus",
    "object_repr": "systemic_lupus_erythematosus (boolean)",
    "action_flag": 1,
    "change_message": "[{\"added\": {}}]"
  }
},
{
  "model": "admin.logentry",
  "pk": 411,
  "fields": {
    "action_time": "2021-05-03T15:24:41.548Z",
    "user": 1,
    "content_type": 14,
    "object_id": "conception_by_IVF",
    "object_repr": "conception_by_IVF (boolean)",
    "action_flag": 1,
    "change_message": "[{\"added\": {}}]"
  }
},
{
  "model": "admin.logentry",
  "pk": 412,
  "fields": {
    "action_time": "2021-05-03T15:24:55.090Z",
    "user": 1,
    "content_type": 14,
    "object_id": "parous_ppe",
    "object_repr": "parous_ppe (boolean)",
    "action_flag": 1,
    "change_message": "[{\"added\": {}}]"
  }
},
{
  "model": "admin.logentry",
  "pk": 413,
  "fields": {
    "action_time": "2021-05-03T15:25:04.281Z",
    "user": 1,
    "content_type": 14,
    "object_id": "parous_no_ppe",
    "object_repr": "parous_no_ppe (boolean)",
    "action_flag": 1,
    "change_message": "[{\"added\": {}}]"
  }
},
{
  "model": "admin.logentry",
  "pk": 414,
  "fields": {
    "action_time": "2021-05-03T15:25:46.702Z",
    "user": 1,
    "content_type": 14,
    "object_id": "gestational_age",
    "object_repr": "gestational_age (integer)",
    "action_flag": 1,
    "change_message": "[{\"added\": {}}]"
  }
},
{
  "model": "admin.logentry",
  "pk": 415,
  "fields": {
    "action_time": "2021-05-03T15:26:10.263Z",
    "user": 1,
    "content_type": 14,
    "object_id": "interpregnancy_interval",
    "object_repr": "interpregnancy_interval (integer)",
    "action_flag": 1,
    "change_message": "[{\"added\": {}}]"
  }
},
{
  "model": "admin.logentry",
  "pk": 416,
  "fields": {
    "action_time": "2021-05-03T15:26:21.909Z",
    "user": 1,
    "content_type": 14,
    "object_id": "preeclampsia_familiy",
    "object_repr": "preeclampsia_familiy (boolean)",
    "action_flag": 1,
    "change_message": "[{\"added\": {}}]"
  }
},
{
  "model": "admin.logentry",
  "pk": 417,
  "fields": {
    "action_time": "2021-05-03T15:26:46.934Z",
    "user": 1,
    "content_type": 14,
    "object_id": "diabetes",
    "object_repr": "diabetes (boolean)",
    "action_flag": 1,
    "change_message": "[{\"added\": {}}]"
  }
},
{
  "model": "admin.logentry",
  "pk": 418,
  "fields": {
    "action_time": "2021-05-03T15:26:57.023Z",
    "user": 1,
    "content_type": 14,
    "object_id": "smoking",
    "object_repr": "smoking (boolean)",
    "action_flag": 1,
    "change_message": "[{\"added\": {}}]"
  }
},
{
  "model": "admin.logentry",
  "pk": 419,
  "fields": {
    "action_time": "2021-05-03T15:27:03.818Z",
    "user": 1,
    "content_type": 14,
    "object_id": "stress",
    "object_repr": "stress (boolean)",
    "action_flag": 1,
    "change_message": "[{\"added\": {}}]"
  }
},
{
  "model": "admin.logentry",
  "pk": 420,
  "fields": {
    "action_time": "2021-05-03T15:27:43.119Z",
    "user": 1,
    "content_type": 14,
    "object_id": "previous_preterm",
    "object_repr": "previous_preterm (boolean)",
    "action_flag": 1,
    "change_message": "[{\"added\": {}}]"
  }
},
{
  "model": "admin.logentry",
  "pk": 421,
  "fields": {
    "action_time": "2021-05-03T15:27:51.777Z",
    "user": 1,
    "content_type": 14,
    "object_id": "cervical_surgery",
    "object_repr": "cervical_surgery (boolean)",
    "action_flag": 1,
    "change_message": "[{\"added\": {}}]"
  }
},
{
  "model": "admin.logentry",
  "pk": 422,
  "fields": {
    "action_time": "2021-05-03T15:28:19.745Z",
    "user": 1,
    "content_type": 14,
    "object_id": "multiple_gestations",
    "object_repr": "multiple_gestations (boolean)",
    "action_flag": 1,
    "change_message": "[{\"added\": {}}]"
  }
},
{
  "model": "admin.logentry",
  "pk": 423,
  "fields": {
    "action_time": "2021-05-03T15:28:32.425Z",
    "user": 1,
    "content_type": 14,
    "object_id": "hepatitis_c",
    "object_repr": "hepatitis_c (boolean)",
    "action_flag": 1,
    "change_message": "[{\"added\": {}}]"
  }
},
{
  "model": "admin.logentry",
  "pk": 424,
  "fields": {
    "action_time": "2021-05-03T15:28:40.300Z",
    "user": 1,
    "content_type": 14,
    "object_id": "hypertension",
    "object_repr": "hypertension (boolean)",
    "action_flag": 1,
    "change_message": "[{\"added\": {}}]"
  }
},
{
  "model": "admin.logentry",
  "pk": 425,
  "fields": {
    "action_time": "2021-05-03T15:28:52.406Z",
    "user": 1,
    "content_type": 14,
    "object_id": "eclampsia",
    "object_repr": "eclampsia (boolean)",
    "action_flag": 1,
    "change_message": "[{\"added\": {}}]"
  }
},
{
  "model": "admin.logentry",
  "pk": 426,
  "fields": {
    "action_time": "2021-05-03T15:29:02.666Z",
    "user": 1,
    "content_type": 14,
    "object_id": "infertility_treatment",
    "object_repr": "infertility_treatment (boolean)",
    "action_flag": 1,
    "change_message": "[{\"added\": {}}]"
  }
},
{
  "model": "admin.logentry",
  "pk": 427,
  "fields": {
    "action_time": "2021-05-03T15:29:11.838Z",
    "user": 1,
    "content_type": 14,
    "object_id": "gonorhea",
    "object_repr": "gonorhea (boolean)",
    "action_flag": 1,
    "change_message": "[{\"added\": {}}]"
  }
},
{
  "model": "admin.logentry",
  "pk": 428,
  "fields": {
    "action_time": "2021-05-03T15:29:20.805Z",
    "user": 1,
    "content_type": 14,
    "object_id": "syphilis",
    "object_repr": "syphilis (boolean)",
    "action_flag": 1,
    "change_message": "[{\"added\": {}}]"
  }
},
{
  "model": "admin.logentry",
  "pk": 429,
  "fields": {
    "action_time": "2021-05-03T15:29:54.703Z",
    "user": 1,
    "content_type": 14,
    "object_id": "higher_education",
    "object_repr": "higher_education (boolean)",
    "action_flag": 1,
    "change_message": "[{\"added\": {}}]"
  }
},
{
  "model": "admin.logentry",
  "pk": 430,
  "fields": {
    "action_time": "2021-05-03T15:30:04.231Z",
    "user": 1,
    "content_type": 14,
    "object_id": "nausea",
    "object_repr": "nausea (boolean)",
    "action_flag": 1,
    "change_message": "[{\"added\": {}}]"
  }
},
{
  "model": "admin.logentry",
  "pk": 431,
  "fields": {
    "action_time": "2021-05-03T15:30:25.997Z",
    "user": 1,
    "content_type": 14,
    "object_id": "paternal_age",
    "object_repr": "paternal_age (integer)",
    "action_flag": 1,
    "change_message": "[{\"added\": {}}]"
  }
},
{
  "model": "admin.logentry",
  "pk": 432,
  "fields": {
    "action_time": "2021-05-03T15:30:42.208Z",
    "user": 1,
    "content_type": 14,
    "object_id": "previous_miscarriage",
    "object_repr": "previous_miscarriage (boolean)",
    "action_flag": 1,
    "change_message": "[{\"added\": {}}]"
  }
},
{
  "model": "admin.logentry",
  "pk": 433,
  "fields": {
    "action_time": "2021-05-03T15:30:50.407Z",
    "user": 1,
    "content_type": 14,
    "object_id": "miscarriage_family",
    "object_repr": "miscarriage_family (boolean)",
    "action_flag": 1,
    "change_message": "[{\"added\": {}}]"
  }
},
{
  "model": "admin.logentry",
  "pk": 434,
  "fields": {
    "action_time": "2021-05-03T15:31:04.300Z",
    "user": 1,
    "content_type": 14,
    "object_id": "adverse_childhood_1",
    "object_repr": "adverse_childhood_1 (boolean)",
    "action_flag": 1,
    "change_message": "[{\"added\": {}}]"
  }
},
{
  "model": "admin.logentry",
  "pk": 435,
  "fields": {
    "action_time": "2021-05-03T15:31:11.512Z",
    "user": 1,
    "content_type": 14,
    "object_id": "adverse_childhood_2",
    "object_repr": "adverse_childhood_2 (boolean)",
    "action_flag": 1,
    "change_message": "[{\"added\": {}}]"
  }
},
{
  "model": "admin.logentry",
  "pk": 436,
  "fields": {
    "action_time": "2021-05-03T15:31:17.615Z",
    "user": 1,
    "content_type": 14,
    "object_id": "adverse_childhood_3",
    "object_repr": "adverse_childhood_3 (boolean)",
    "action_flag": 1,
    "change_message": "[{\"added\": {}}]"
  }
},
{
  "model": "admin.logentry",
  "pk": 437,
  "fields": {
    "action_time": "2021-05-03T15:31:24.707Z",
    "user": 1,
    "content_type": 14,
    "object_id": "adverse_childhood_4",
    "object_repr": "adverse_childhood_4 (boolean)",
    "action_flag": 1,
    "change_message": "[{\"added\": {}}]"
  }
},
{
  "model": "admin.logentry",
  "pk": 438,
  "fields": {
    "action_time": "2021-05-03T15:31:33.818Z",
    "user": 1,
    "content_type": 14,
    "object_id": "adverse_childhood_5",
    "object_repr": "adverse_childhood_5 (boolean)",
    "action_flag": 1,
    "change_message": "[{\"added\": {}}]"
  }
},
{
  "model": "admin.logentry",
  "pk": 439,
  "fields": {
    "action_time": "2021-05-03T15:31:41.741Z",
    "user": 1,
    "content_type": 14,
    "object_id": "adverse_childhood_6",
    "object_repr": "adverse_childhood_6 (boolean)",
    "action_flag": 1,
    "change_message": "[{\"added\": {}}]"
  }
},
{
  "model": "admin.logentry",
  "pk": 440,
  "fields": {
    "action_time": "2021-05-03T15:31:48.894Z",
    "user": 1,
    "content_type": 14,
    "object_id": "adverse_childhood_7",
    "object_repr": "adverse_childhood_7 (boolean)",
    "action_flag": 1,
    "change_message": "[{\"added\": {}}]"
  }
},
{
  "model": "admin.logentry",
  "pk": 441,
  "fields": {
    "action_time": "2021-05-03T15:31:56.889Z",
    "user": 1,
    "content_type": 14,
    "object_id": "adverse_childhood_8",
    "object_repr": "adverse_childhood_8 (boolean)",
    "action_flag": 1,
    "change_message": "[{\"added\": {}}]"
  }
},
{
  "model": "admin.logentry",
  "pk": 442,
  "fields": {
    "action_time": "2021-05-03T15:32:05.010Z",
    "user": 1,
    "content_type": 14,
    "object_id": "preeclampsia",
    "object_repr": "preeclampsia (boolean)",
    "action_flag": 1,
    "change_message": "[{\"added\": {}}]"
  }
},
{
  "model": "admin.logentry",
  "pk": 443,
  "fields": {
    "action_time": "2021-05-03T15:35:48.096Z",
    "user": 1,
    "content_type": 14,
    "object_id": "parous_ppe",
    "object_repr": "parous_ppe (boolean)",
    "action_flag": 3,
    "change_message": ""
  }
},
{
  "model": "admin.logentry",
  "pk": 444,
  "fields": {
    "action_time": "2021-05-03T15:35:56.948Z",
    "user": 1,
    "content_type": 14,
    "object_id": "parous_no_ppe",
    "object_repr": "parous_no_ppe (boolean)",
    "action_flag": 3,
    "change_message": ""
  }
},
{
  "model": "admin.logentry",
  "pk": 445,
  "fields": {
    "action_time": "2021-05-03T15:36:06.258Z",
    "user": 1,
    "content_type": 9,
    "object_id": "62",
    "object_repr": "Question: parous_no_ppe",
    "action_flag": 3,
    "change_message": ""
  }
},
{
  "model": "admin.logentry",
  "pk": 446,
  "fields": {
    "action_time": "2021-05-03T15:36:11.795Z",
    "user": 1,
    "content_type": 9,
    "object_id": "61",
    "object_repr": "Question: parous_ppe",
    "action_flag": 3,
    "change_message": ""
  }
},
{
  "model": "admin.logentry",
  "pk": 447,
  "fields": {
    "action_time": "2021-05-03T15:37:25.358Z",
    "user": 1,
    "content_type": 14,
    "object_id": "night_shift_frequency",
    "object_repr": "night_shift_frequency (integer)",
    "action_flag": 1,
    "change_message": "[{\"added\": {}}]"
  }
},
{
  "model": "admin.logentry",
  "pk": 448,
  "fields": {
    "action_time": "2021-05-03T15:37:42.958Z",
    "user": 1,
    "content_type": 14,
    "object_id": "alcohol",
    "object_repr": "alcohol (integer)",
    "action_flag": 1,
    "change_message": "[{\"added\": {}}]"
  }
},
{
  "model": "admin.logentry",
  "pk": 449,
  "fields": {
    "action_time": "2021-05-03T15:37:51.612Z",
    "user": 1,
    "content_type": 14,
    "object_id": "percieved_stress_1",
    "object_repr": "percieved_stress_1 (boolean)",
    "action_flag": 1,
    "change_message": "[{\"added\": {}}]"
  }
},
{
  "model": "admin.logentry",
  "pk": 450,
  "fields": {
    "action_time": "2021-05-03T15:37:59.914Z",
    "user": 1,
    "content_type": 14,
    "object_id": "percieved_stress_2",
    "object_repr": "percieved_stress_2 (boolean)",
    "action_flag": 1,
    "change_message": "[{\"added\": {}}]"
  }
},
{
  "model": "admin.logentry",
  "pk": 451,
  "fields": {
    "action_time": "2021-05-03T15:38:13.148Z",
    "user": 1,
    "content_type": 14,
    "object_id": "percieved_stress_3",
    "object_repr": "percieved_stress_3 (boolean)",
    "action_flag": 1,
    "change_message": "[{\"added\": {}}]"
  }
},
{
  "model": "admin.logentry",
  "pk": 452,
  "fields": {
    "action_time": "2021-05-03T15:38:25.502Z",
    "user": 1,
    "content_type": 14,
    "object_id": "percieved_stress_4",
    "object_repr": "percieved_stress_4 (boolean)",
    "action_flag": 1,
    "change_message": "[{\"added\": {}}]"
  }
},
{
  "model": "admin.logentry",
  "pk": 453,
  "fields": {
    "action_time": "2021-05-03T15:38:33.150Z",
    "user": 1,
    "content_type": 14,
    "object_id": "percieved_stress_5",
    "object_repr": "percieved_stress_5 (boolean)",
    "action_flag": 1,
    "change_message": "[{\"added\": {}}]"
  }
},
{
  "model": "admin.logentry",
  "pk": 454,
  "fields": {
    "action_time": "2021-05-03T15:38:40.637Z",
    "user": 1,
    "content_type": 14,
    "object_id": "percieved_stress_6",
    "object_repr": "percieved_stress_6 (boolean)",
    "action_flag": 1,
    "change_message": "[{\"added\": {}}]"
  }
},
{
  "model": "admin.logentry",
  "pk": 455,
  "fields": {
    "action_time": "2021-05-03T15:38:50.013Z",
    "user": 1,
    "content_type": 14,
    "object_id": "percieved_stress_7",
    "object_repr": "percieved_stress_7 (boolean)",
    "action_flag": 1,
    "change_message": "[{\"added\": {}}]"
  }
},
{
  "model": "admin.logentry",
  "pk": 456,
  "fields": {
    "action_time": "2021-05-03T15:38:59.558Z",
    "user": 1,
    "content_type": 14,
    "object_id": "percieved_stress_8",
    "object_repr": "percieved_stress_8 (boolean)",
    "action_flag": 1,
    "change_message": "[{\"added\": {}}]"
  }
},
{
  "model": "admin.logentry",
  "pk": 457,
  "fields": {
    "action_time": "2021-05-03T15:39:06.717Z",
    "user": 1,
    "content_type": 14,
    "object_id": "high_energy",
    "object_repr": "high_energy (boolean)",
    "action_flag": 1,
    "change_message": "[{\"added\": {}}]"
  }
},
{
  "model": "admin.logentry",
  "pk": 458,
  "fields": {
    "action_time": "2021-05-03T15:39:27.592Z",
    "user": 1,
    "content_type": 14,
    "object_id": "sex",
    "object_repr": "sex (integer)",
    "action_flag": 1,
    "change_message": "[{\"added\": {}}]"
  }
},
{
  "model": "admin.logentry",
  "pk": 459,
  "fields": {
    "action_time": "2021-05-03T15:39:38.064Z",
    "user": 1,
    "content_type": 14,
    "object_id": "infection",
    "object_repr": "infection (boolean)",
    "action_flag": 1,
    "change_message": "[{\"added\": {}}]"
  }
},
{
  "model": "admin.logentry",
  "pk": 460,
  "fields": {
    "action_time": "2021-05-03T15:39:44.863Z",
    "user": 1,
    "content_type": 14,
    "object_id": "rhesus_disease",
    "object_repr": "rhesus_disease (boolean)",
    "action_flag": 1,
    "change_message": "[{\"added\": {}}]"
  }
},
{
  "model": "admin.logentry",
  "pk": 461,
  "fields": {
    "action_time": "2021-05-03T15:39:54.984Z",
    "user": 1,
    "content_type": 14,
    "object_id": "education_years",
    "object_repr": "education_years (integer)",
    "action_flag": 1,
    "change_message": "[{\"added\": {}}]"
  }
},
{
  "model": "admin.logentry",
  "pk": 462,
  "fields": {
    "action_time": "2021-05-03T15:40:02.218Z",
    "user": 1,
    "content_type": 14,
    "object_id": "stressfull_event",
    "object_repr": "stressfull_event (boolean)",
    "action_flag": 1,
    "change_message": "[{\"added\": {}}]"
  }
},
{
  "model": "admin.logentry",
  "pk": 463,
  "fields": {
    "action_time": "2021-05-03T15:40:23.014Z",
    "user": 1,
    "content_type": 14,
    "object_id": "mood_disorder",
    "object_repr": "mood_disorder (boolean)",
    "action_flag": 1,
    "change_message": "[{\"added\": {}}]"
  }
},
{
  "model": "admin.logentry",
  "pk": 464,
  "fields": {
    "action_time": "2021-05-03T15:40:31.326Z",
    "user": 1,
    "content_type": 14,
    "object_id": "child_problems",
    "object_repr": "child_problems (boolean)",
    "action_flag": 1,
    "change_message": "[{\"added\": {}}]"
  }
},
{
  "model": "admin.logentry",
  "pk": 465,
  "fields": {
    "action_time": "2021-05-03T15:40:39.878Z",
    "user": 1,
    "content_type": 14,
    "object_id": "chicken_pox",
    "object_repr": "chicken_pox (boolean)",
    "action_flag": 1,
    "change_message": "[{\"added\": {}}]"
  }
},
{
  "model": "admin.logentry",
  "pk": 466,
  "fields": {
    "action_time": "2021-05-03T15:40:45.465Z",
    "user": 1,
    "content_type": 14,
    "object_id": "gynecological_inflammation",
    "object_repr": "gynecological_inflammation (boolean)",
    "action_flag": 1,
    "change_message": "[{\"added\": {}}]"
  }
},
{
  "model": "admin.logentry",
  "pk": 467,
  "fields": {
    "action_time": "2021-05-03T15:41:17.902Z",
    "user": 1,
    "content_type": 14,
    "object_id": "infant_weight",
    "object_repr": "infant_weight (integer)",
    "action_flag": 1,
    "change_message": "[{\"added\": {}}]"
  }
},
{
  "model": "admin.logentry",
  "pk": 468,
  "fields": {
    "action_time": "2021-05-03T15:41:42.460Z",
    "user": 1,
    "content_type": 14,
    "object_id": "lacking_support",
    "object_repr": "lacking_support (boolean)",
    "action_flag": 1,
    "change_message": "[{\"added\": {}}]"
  }
},
{
  "model": "admin.logentry",
  "pk": 469,
  "fields": {
    "action_time": "2021-05-03T15:41:48.295Z",
    "user": 1,
    "content_type": 14,
    "object_id": "infant_admission",
    "object_repr": "infant_admission (boolean)",
    "action_flag": 1,
    "change_message": "[{\"added\": {}}]"
  }
},
{
  "model": "admin.logentry",
  "pk": 470,
  "fields": {
    "action_time": "2021-05-03T15:41:54.215Z",
    "user": 1,
    "content_type": 14,
    "object_id": "relationship_problems",
    "object_repr": "relationship_problems (boolean)",
    "action_flag": 1,
    "change_message": "[{\"added\": {}}]"
  }
},
{
  "model": "admin.logentry",
  "pk": 471,
  "fields": {
    "action_time": "2021-05-03T15:42:03.369Z",
    "user": 1,
    "content_type": 14,
    "object_id": "unplanned",
    "object_repr": "unplanned (boolean)",
    "action_flag": 1,
    "change_message": "[{\"added\": {}}]"
  }
},
{
  "model": "admin.logentry",
  "pk": 472,
  "fields": {
    "action_time": "2021-05-03T16:07:51.764Z",
    "user": 1,
    "content_type": 13,
    "object_id": "6",
    "object_repr": "Complication: preeclampsia - 0",
    "action_flag": 1,
    "change_message": "[{\"added\": {}}]"
  }
},
{
  "model": "admin.logentry",
  "pk": 473,
  "fields": {
    "action_time": "2021-05-03T16:08:04.535Z",
    "user": 1,
    "content_type": 13,
    "object_id": "6",
    "object_repr": "Complication: preeclampsia - 0",
    "action_flag": 2,
    "change_message": "[{\"changed\": {\"fields\": [\"Percentage\"]}}]"
  }
},
{
  "model": "admin.logentry",
  "pk": 474,
  "fields": {
    "action_time": "2021-05-03T16:08:16.752Z",
    "user": 1,
    "content_type": 13,
    "object_id": "7",
    "object_repr": "Complication: preeclampsia - 1",
    "action_flag": 1,
    "change_message": "[{\"added\": {}}]"
  }
},
{
  "model": "admin.logentry",
  "pk": 475,
  "fields": {
    "action_time": "2021-05-03T16:08:24.189Z",
    "user": 1,
    "content_type": 13,
    "object_id": "8",
    "object_repr": "Complication: preeclampsia - 2",
    "action_flag": 1,
    "change_message": "[{\"added\": {}}]"
  }
},
{
  "model": "admin.logentry",
  "pk": 476,
  "fields": {
    "action_time": "2021-05-03T16:08:35.422Z",
    "user": 1,
    "content_type": 13,
    "object_id": "9",
    "object_repr": "Complication: preeclampsia - 3",
    "action_flag": 1,
    "change_message": "[{\"added\": {}}]"
  }
},
{
  "model": "admin.logentry",
  "pk": 477,
  "fields": {
    "action_time": "2021-05-03T16:08:43.249Z",
    "user": 1,
    "content_type": 13,
    "object_id": "10",
    "object_repr": "Complication: preeclampsia - 4",
    "action_flag": 1,
    "change_message": "[{\"added\": {}}]"
  }
},
{
  "model": "admin.logentry",
  "pk": 478,
  "fields": {
    "action_time": "2021-05-03T16:09:52.887Z",
    "user": 1,
    "content_type": 13,
    "object_id": "11",
    "object_repr": "Complication: pre-term_birth - 0",
    "action_flag": 1,
    "change_message": "[{\"added\": {}}]"
  }
},
{
  "model": "admin.logentry",
  "pk": 479,
  "fields": {
    "action_time": "2021-05-03T16:09:59.894Z",
    "user": 1,
    "content_type": 13,
    "object_id": "12",
    "object_repr": "Complication: pre-term_birth - 1",
    "action_flag": 1,
    "change_message": "[{\"added\": {}}]"
  }
},
{
  "model": "admin.logentry",
  "pk": 480,
  "fields": {
    "action_time": "2021-05-03T16:10:05.610Z",
    "user": 1,
    "content_type": 13,
    "object_id": "13",
    "object_repr": "Complication: pre-term_birth - 2",
    "action_flag": 1,
    "change_message": "[{\"added\": {}}]"
  }
},
{
  "model": "admin.logentry",
  "pk": 481,
  "fields": {
    "action_time": "2021-05-03T16:10:12.873Z",
    "user": 1,
    "content_type": 13,
    "object_id": "14",
    "object_repr": "Complication: pre-term_birth - 3",
    "action_flag": 1,
    "change_message": "[{\"added\": {}}]"
  }
},
{
  "model": "admin.logentry",
  "pk": 482,
  "fields": {
    "action_time": "2021-05-03T16:10:26.870Z",
    "user": 1,
    "content_type": 13,
    "object_id": "15",
    "object_repr": "Complication: pre-term_birth - 4",
    "action_flag": 1,
    "change_message": "[{\"added\": {}}]"
  }
},
{
  "model": "admin.logentry",
  "pk": 483,
  "fields": {
    "action_time": "2021-05-03T16:11:20.791Z",
    "user": 1,
    "content_type": 13,
    "object_id": "16",
    "object_repr": "Complication: miscarriage - 0",
    "action_flag": 1,
    "change_message": "[{\"added\": {}}]"
  }
},
{
  "model": "admin.logentry",
  "pk": 484,
  "fields": {
    "action_time": "2021-05-03T16:11:26.570Z",
    "user": 1,
    "content_type": 13,
    "object_id": "17",
    "object_repr": "Complication: miscarriage - 1",
    "action_flag": 1,
    "change_message": "[{\"added\": {}}]"
  }
},
{
  "model": "admin.logentry",
  "pk": 485,
  "fields": {
    "action_time": "2021-05-03T16:11:33.051Z",
    "user": 1,
    "content_type": 13,
    "object_id": "18",
    "object_repr": "Complication: miscarriage - 2",
    "action_flag": 1,
    "change_message": "[{\"added\": {}}]"
  }
},
{
  "model": "admin.logentry",
  "pk": 486,
  "fields": {
    "action_time": "2021-05-03T16:11:46.155Z",
    "user": 1,
    "content_type": 13,
    "object_id": "19",
    "object_repr": "Complication: miscarriage - 3",
    "action_flag": 1,
    "change_message": "[{\"added\": {}}]"
  }
},
{
  "model": "admin.logentry",
  "pk": 487,
  "fields": {
    "action_time": "2021-05-03T16:18:08.585Z",
    "user": 1,
    "content_type": 9,
    "object_id": "8",
    "object_repr": "Question: previous_miscarriage2",
    "action_flag": 2,
    "change_message": "[{\"changed\": {\"fields\": [\"Name\"]}}]"
  }
},
{
  "model": "admin.logentry",
  "pk": 488,
  "fields": {
    "action_time": "2021-05-03T16:27:28.951Z",
    "user": 1,
    "content_type": 9,
    "object_id": "81",
    "object_repr": "Question: previous_miscarriages",
    "action_flag": 2,
    "change_message": "[{\"changed\": {\"fields\": [\"Name\"]}}]"
  }
},
{
  "model": "admin.logentry",
  "pk": 489,
  "fields": {
    "action_time": "2021-05-03T16:28:23.073Z",
    "user": 1,
    "content_type": 14,
    "object_id": "previous_miscarriages",
    "object_repr": "previous_miscarriages (integer)",
    "action_flag": 2,
    "change_message": "[{\"changed\": {\"fields\": [\"Factor name\", \"Answertype\", \"Max digits\"]}}]"
  }
},
{
  "model": "admin.logentry",
  "pk": 490,
  "fields": {
    "action_time": "2021-05-03T16:28:38.952Z",
    "user": 1,
    "content_type": 14,
    "object_id": "previous_miscarriage",
    "object_repr": "previous_miscarriage (boolean)",
    "action_flag": 2,
    "change_message": "[{\"changed\": {\"fields\": [\"Factor name\"]}}]"
  }
},
{
  "model": "admin.logentry",
  "pk": 491,
  "fields": {
    "action_time": "2021-05-03T16:28:47.204Z",
    "user": 1,
    "content_type": 9,
    "object_id": "8",
    "object_repr": "Question: previous_miscarriage",
    "action_flag": 2,
    "change_message": "[{\"changed\": {\"fields\": [\"Name\"]}}]"
  }
},
{
  "model": "admin.logentry",
  "pk": 492,
  "fields": {
    "action_time": "2021-05-03T16:30:54.146Z",
    "user": 1,
    "content_type": 13,
    "object_id": "20",
    "object_repr": "Complication: still_birth - 0",
    "action_flag": 1,
    "change_message": "[{\"added\": {}}]"
  }
},
{
  "model": "admin.logentry",
  "pk": 493,
  "fields": {
    "action_time": "2021-05-03T16:31:01.904Z",
    "user": 1,
    "content_type": 13,
    "object_id": "21",
    "object_repr": "Complication: still_birth - 1",
    "action_flag": 1,
    "change_message": "[{\"added\": {}}]"
  }
},
{
  "model": "admin.logentry",
  "pk": 494,
  "fields": {
    "action_time": "2021-05-03T16:31:08.344Z",
    "user": 1,
    "content_type": 13,
    "object_id": "22",
    "object_repr": "Complication: still_birth - 2",
    "action_flag": 1,
    "change_message": "[{\"added\": {}}]"
  }
},
{
  "model": "admin.logentry",
  "pk": 495,
  "fields": {
    "action_time": "2021-05-03T16:31:15.267Z",
    "user": 1,
    "content_type": 13,
    "object_id": "23",
    "object_repr": "Complication: still_birth - 3",
    "action_flag": 1,
    "change_message": "[{\"added\": {}}]"
  }
},
{
  "model": "admin.logentry",
  "pk": 496,
  "fields": {
    "action_time": "2021-05-03T16:32:02.674Z",
    "user": 1,
    "content_type": 13,
    "object_id": "24",
    "object_repr": "Complication: postpartum_depression - 0",
    "action_flag": 1,
    "change_message": "[{\"added\": {}}]"
  }
},
{
  "model": "admin.logentry",
  "pk": 497,
  "fields": {
    "action_time": "2021-05-03T16:32:11.845Z",
    "user": 1,
    "content_type": 13,
    "object_id": "25",
    "object_repr": "Complication: postpartum_depression - 1",
    "action_flag": 1,
    "change_message": "[{\"added\": {}}]"
  }
},
{
  "model": "admin.logentry",
  "pk": 498,
  "fields": {
    "action_time": "2021-05-03T16:32:23.213Z",
    "user": 1,
    "content_type": 13,
    "object_id": "26",
    "object_repr": "Complication: postpartum_depression - 2",
    "action_flag": 1,
    "change_message": "[{\"added\": {}}]"
  }
},
{
  "model": "admin.logentry",
  "pk": 499,
  "fields": {
    "action_time": "2021-05-03T16:32:31.158Z",
    "user": 1,
    "content_type": 13,
    "object_id": "27",
    "object_repr": "Complication: postpartum_depression - 3",
    "action_flag": 1,
    "change_message": "[{\"added\": {}}]"
  }
},
{
  "model": "admin.logentry",
  "pk": 500,
  "fields": {
    "action_time": "2021-05-03T16:32:59.204Z",
    "user": 1,
    "content_type": 13,
    "object_id": "28",
    "object_repr": "Complication: cesarean_section - 0",
    "action_flag": 1,
    "change_message": "[{\"added\": {}}]"
  }
},
{
  "model": "admin.logentry",
  "pk": 501,
  "fields": {
    "action_time": "2021-05-03T16:33:05.845Z",
    "user": 1,
    "content_type": 13,
    "object_id": "24",
    "object_repr": "Complication: postpartum_depression - 0",
    "action_flag": 2,
    "change_message": "[]"
  }
},
{
  "model": "admin.logentry",
  "pk": 502,
  "fields": {
    "action_time": "2021-05-03T16:33:20.369Z",
    "user": 1,
    "content_type": 13,
    "object_id": "29",
    "object_repr": "Complication: cesarean_section - 1",
    "action_flag": 1,
    "change_message": "[{\"added\": {}}]"
  }
},
{
  "model": "admin.logentry",
  "pk": 503,
  "fields": {
    "action_time": "2021-05-03T16:33:27.971Z",
    "user": 1,
    "content_type": 13,
    "object_id": "30",
    "object_repr": "Complication: cesarean_section - 2",
    "action_flag": 1,
    "change_message": "[{\"added\": {}}]"
  }
},
{
  "model": "admin.logentry",
  "pk": 504,
  "fields": {
    "action_time": "2021-05-03T16:33:37.147Z",
    "user": 1,
    "content_type": 13,
    "object_id": "31",
    "object_repr": "Complication: cesarean_section - 3",
    "action_flag": 1,
    "change_message": "[{\"added\": {}}]"
  }
},
{
  "model": "admin.logentry",
  "pk": 505,
  "fields": {
    "action_time": "2021-05-03T16:37:39.720Z",
    "user": 1,
    "content_type": 9,
    "object_id": "47",
    "object_repr": "Complication: caesarean_section",
    "action_flag": 2,
    "change_message": "[{\"changed\": {\"fields\": [\"Name\"]}}]"
  }
},
{
  "model": "admin.logentry",
  "pk": 506,
  "fields": {
    "action_time": "2021-05-04T16:48:52.928Z",
    "user": 1,
    "content_type": 9,
    "object_id": "117",
    "object_repr": "Text: risk_low",
    "action_flag": 1,
    "change_message": "[{\"added\": {}}]"
  }
},
{
  "model": "admin.logentry",
  "pk": 507,
  "fields": {
    "action_time": "2021-05-04T16:48:59.240Z",
    "user": 1,
    "content_type": 9,
    "object_id": "118",
    "object_repr": "Text: risk_increased",
    "action_flag": 1,
    "change_message": "[{\"added\": {}}]"
  }
},
{
  "model": "admin.logentry",
  "pk": 508,
  "fields": {
    "action_time": "2021-05-04T16:49:14.322Z",
    "user": 1,
    "content_type": 9,
    "object_id": "119",
    "object_repr": "Text: risk_high",
    "action_flag": 1,
    "change_message": "[{\"added\": {}}]"
  }
},
{
  "model": "admin.logentry",
  "pk": 509,
  "fields": {
    "action_time": "2021-05-04T16:49:51.850Z",
    "user": 1,
    "content_type": 9,
    "object_id": "120",
    "object_repr": "Text: risk_very_high",
    "action_flag": 1,
    "change_message": "[{\"added\": {}}]"
  }
},
{
  "model": "admin.logentry",
  "pk": 510,
  "fields": {
    "action_time": "2021-05-04T16:50:13.319Z",
    "user": 1,
    "content_type": 10,
    "object_id": "120",
    "object_repr": "Text: risk_low (en)",
    "action_flag": 1,
    "change_message": "[{\"added\": {}}]"
  }
},
{
  "model": "admin.logentry",
  "pk": 511,
  "fields": {
    "action_time": "2021-05-04T16:50:23.085Z",
    "user": 1,
    "content_type": 10,
    "object_id": "121",
    "object_repr": "Text: risk_low (no)",
    "action_flag": 1,
    "change_message": "[{\"added\": {}}]"
  }
},
{
  "model": "admin.logentry",
  "pk": 512,
  "fields": {
    "action_time": "2021-05-04T16:50:33.874Z",
    "user": 1,
    "content_type": 10,
    "object_id": "122",
    "object_repr": "Text: risk_increased (en)",
    "action_flag": 1,
    "change_message": "[{\"added\": {}}]"
  }
},
{
  "model": "admin.logentry",
  "pk": 513,
  "fields": {
    "action_time": "2021-05-04T16:50:45.356Z",
    "user": 1,
    "content_type": 10,
    "object_id": "123",
    "object_repr": "Text: risk_increased (no)",
    "action_flag": 1,
    "change_message": "[{\"added\": {}}]"
  }
},
{
  "model": "admin.logentry",
  "pk": 514,
  "fields": {
    "action_time": "2021-05-04T16:50:53.836Z",
    "user": 1,
    "content_type": 10,
    "object_id": "124",
    "object_repr": "Text: risk_high (en)",
    "action_flag": 1,
    "change_message": "[{\"added\": {}}]"
  }
},
{
  "model": "admin.logentry",
  "pk": 515,
  "fields": {
    "action_time": "2021-05-04T16:51:01.585Z",
    "user": 1,
    "content_type": 10,
    "object_id": "125",
    "object_repr": "Text: risk_high (no)",
    "action_flag": 1,
    "change_message": "[{\"added\": {}}]"
  }
},
{
  "model": "admin.logentry",
  "pk": 516,
  "fields": {
    "action_time": "2021-05-04T16:51:15.473Z",
    "user": 1,
    "content_type": 10,
    "object_id": "126",
    "object_repr": "Text: risk_very_high (en)",
    "action_flag": 1,
    "change_message": "[{\"added\": {}}]"
  }
},
{
  "model": "admin.logentry",
  "pk": 517,
  "fields": {
    "action_time": "2021-05-04T16:51:25.058Z",
    "user": 1,
    "content_type": 10,
    "object_id": "127",
    "object_repr": "Text: risk_very_high (no)",
    "action_flag": 1,
    "change_message": "[{\"added\": {}}]"
  }
},
{
  "model": "admin.logentry",
  "pk": 518,
  "fields": {
    "action_time": "2021-05-04T16:53:49.382Z",
    "user": 1,
    "content_type": 9,
    "object_id": "120",
    "object_repr": "Text: risk_very_high",
    "action_flag": 3,
    "change_message": ""
  }
},
{
  "model": "admin.logentry",
  "pk": 519,
  "fields": {
    "action_time": "2021-05-04T16:53:49.383Z",
    "user": 1,
    "content_type": 9,
    "object_id": "119",
    "object_repr": "Text: risk_high",
    "action_flag": 3,
    "change_message": ""
  }
},
{
  "model": "admin.logentry",
  "pk": 520,
  "fields": {
    "action_time": "2021-05-04T16:53:49.384Z",
    "user": 1,
    "content_type": 9,
    "object_id": "118",
    "object_repr": "Text: risk_increased",
    "action_flag": 3,
    "change_message": ""
  }
},
{
  "model": "admin.logentry",
  "pk": 521,
  "fields": {
    "action_time": "2021-05-04T16:53:49.385Z",
    "user": 1,
    "content_type": 9,
    "object_id": "117",
    "object_repr": "Text: risk_low",
    "action_flag": 3,
    "change_message": ""
  }
},
{
  "model": "admin.logentry",
  "pk": 522,
  "fields": {
    "action_time": "2021-05-04T16:54:06.273Z",
    "user": 1,
    "content_type": 9,
    "object_id": "121",
    "object_repr": "Text: severity_low",
    "action_flag": 1,
    "change_message": "[{\"added\": {}}]"
  }
},
{
  "model": "admin.logentry",
  "pk": 523,
  "fields": {
    "action_time": "2021-05-04T16:54:12.821Z",
    "user": 1,
    "content_type": 9,
    "object_id": "122",
    "object_repr": "Text: severity_increased",
    "action_flag": 1,
    "change_message": "[{\"added\": {}}]"
  }
},
{
  "model": "admin.logentry",
  "pk": 524,
  "fields": {
    "action_time": "2021-05-04T16:54:19.640Z",
    "user": 1,
    "content_type": 9,
    "object_id": "123",
    "object_repr": "Text: severity_high",
    "action_flag": 1,
    "change_message": "[{\"added\": {}}]"
  }
},
{
  "model": "admin.logentry",
  "pk": 525,
  "fields": {
    "action_time": "2021-05-04T16:54:30.686Z",
    "user": 1,
    "content_type": 9,
    "object_id": "124",
    "object_repr": "Text: severity_very_high",
    "action_flag": 1,
    "change_message": "[{\"added\": {}}]"
  }
},
{
  "model": "admin.logentry",
  "pk": 526,
  "fields": {
    "action_time": "2021-05-04T16:55:04.288Z",
    "user": 1,
    "content_type": 10,
    "object_id": "128",
    "object_repr": "Text: severity_low (en)",
    "action_flag": 1,
    "change_message": "[{\"added\": {}}]"
  }
},
{
  "model": "admin.logentry",
  "pk": 527,
  "fields": {
    "action_time": "2021-05-04T16:55:14.053Z",
    "user": 1,
    "content_type": 10,
    "object_id": "129",
    "object_repr": "Text: severity_low (no)",
    "action_flag": 1,
    "change_message": "[{\"added\": {}}]"
  }
},
{
  "model": "admin.logentry",
  "pk": 528,
  "fields": {
    "action_time": "2021-05-04T16:55:30.453Z",
    "user": 1,
    "content_type": 10,
    "object_id": "130",
    "object_repr": "Text: severity_increased (en)",
    "action_flag": 1,
    "change_message": "[{\"added\": {}}]"
  }
},
{
  "model": "admin.logentry",
  "pk": 529,
  "fields": {
    "action_time": "2021-05-04T16:55:40.922Z",
    "user": 1,
    "content_type": 10,
    "object_id": "131",
    "object_repr": "Text: severity_increased (no)",
    "action_flag": 1,
    "change_message": "[{\"added\": {}}]"
  }
},
{
  "model": "admin.logentry",
  "pk": 530,
  "fields": {
    "action_time": "2021-05-04T16:55:49.435Z",
    "user": 1,
    "content_type": 10,
    "object_id": "132",
    "object_repr": "Text: severity_high (en)",
    "action_flag": 1,
    "change_message": "[{\"added\": {}}]"
  }
},
{
  "model": "admin.logentry",
  "pk": 531,
  "fields": {
    "action_time": "2021-05-04T16:55:57.338Z",
    "user": 1,
    "content_type": 10,
    "object_id": "133",
    "object_repr": "Text: severity_high (no)",
    "action_flag": 1,
    "change_message": "[{\"added\": {}}]"
  }
},
{
  "model": "admin.logentry",
  "pk": 532,
  "fields": {
    "action_time": "2021-05-04T16:56:08.337Z",
    "user": 1,
    "content_type": 10,
    "object_id": "134",
    "object_repr": "Text: severity_very_high (no)",
    "action_flag": 1,
    "change_message": "[{\"added\": {}}]"
  }
},
{
  "model": "admin.logentry",
  "pk": 533,
  "fields": {
    "action_time": "2021-05-04T16:56:21.669Z",
    "user": 1,
    "content_type": 10,
    "object_id": "135",
    "object_repr": "Text: severity_very_high (en)",
    "action_flag": 1,
    "change_message": "[{\"added\": {}}]"
  }
},
{
  "model": "admin.logentry",
  "pk": 534,
  "fields": {
    "action_time": "2021-05-04T17:00:31.239Z",
    "user": 1,
    "content_type": 9,
    "object_id": "125",
    "object_repr": "Text: severity_moderate",
    "action_flag": 1,
    "change_message": "[{\"added\": {}}]"
  }
},
{
  "model": "admin.logentry",
  "pk": 535,
  "fields": {
    "action_time": "2021-05-04T17:00:42.789Z",
    "user": 1,
    "content_type": 10,
    "object_id": "136",
    "object_repr": "Text: severity_moderate (en)",
    "action_flag": 1,
    "change_message": "[{\"added\": {}}]"
  }
},
{
  "model": "admin.logentry",
  "pk": 536,
  "fields": {
    "action_time": "2021-05-04T17:00:52.471Z",
    "user": 1,
    "content_type": 10,
    "object_id": "137",
    "object_repr": "Text: severity_moderate (no)",
    "action_flag": 1,
    "change_message": "[{\"added\": {}}]"
  }
},
{
  "model": "admin.logentry",
  "pk": 537,
  "fields": {
    "action_time": "2021-05-14T14:57:17.730Z",
    "user": 1,
    "content_type": 8,
    "object_id": "126",
    "object_repr": "Text: Ethnicity White",
    "action_flag": 1,
    "change_message": "[{\"added\": {}}]"
  }
},
{
  "model": "admin.logentry",
  "pk": 538,
  "fields": {
    "action_time": "2021-05-14T14:58:14.557Z",
    "user": 1,
    "content_type": 7,
    "object_id": "multiple",
    "object_repr": "multiple",
    "action_flag": 1,
    "change_message": "[{\"added\": {}}]"
  }
},
{
  "model": "admin.logentry",
  "pk": 539,
  "fields": {
    "action_time": "2021-05-14T14:58:45.492Z",
    "user": 1,
    "content_type": 12,
    "object_id": "ethnicity",
    "object_repr": "ethnicity (multiple)",
    "action_flag": 2,
    "change_message": "[{\"changed\": {\"fields\": [\"Factor name\", \"Answertype\"]}}]"
  }
},
{
  "model": "admin.logentry",
  "pk": 540,
  "fields": {
    "action_time": "2021-05-14T14:59:12.347Z",
    "user": 1,
    "content_type": 12,
    "object_id": "white",
    "object_repr": "white (boolean)",
    "action_flag": 3,
    "change_message": ""
  }
},
{
  "model": "admin.logentry",
  "pk": 541,
  "fields": {
    "action_time": "2021-05-14T15:00:46.368Z",
    "user": 1,
    "content_type": 18,
    "object_id": "1",
    "object_repr": "FactorValue object (1)",
    "action_flag": 1,
    "change_message": "[{\"added\": {}}]"
  }
},
{
  "model": "admin.logentry",
  "pk": 542,
  "fields": {
    "action_time": "2021-05-14T15:03:38.024Z",
    "user": 1,
    "content_type": 14,
    "object_id": "15",
    "object_repr": "Question: ethnicity (en)",
    "action_flag": 2,
    "change_message": "[{\"changed\": {\"fields\": [\"Text\"]}}]"
  }
},
{
  "model": "admin.logentry",
  "pk": 543,
  "fields": {
    "action_time": "2021-05-14T15:22:53.406Z",
    "user": 1,
    "content_type": 14,
    "object_id": "138",
    "object_repr": "Text: ethnicity white (en)",
    "action_flag": 1,
    "change_message": "[{\"added\": {}}]"
  }
},
{
  "model": "admin.logentry",
  "pk": 544,
  "fields": {
    "action_time": "2021-05-14T15:24:36.200Z",
    "user": 1,
    "content_type": 14,
    "object_id": "138",
    "object_repr": "Text: ethnicity white (en)",
    "action_flag": 3,
    "change_message": ""
  }
},
{
  "model": "admin.logentry",
  "pk": 545,
  "fields": {
    "action_time": "2021-05-14T15:29:14.253Z",
    "user": 1,
    "content_type": 8,
    "object_id": "126",
    "object_repr": "Text: ethnicity_white",
    "action_flag": 2,
    "change_message": "[{\"changed\": {\"fields\": [\"Name\"]}}]"
  }
},
{
  "model": "admin.logentry",
  "pk": 546,
  "fields": {
    "action_time": "2021-05-14T15:29:32.388Z",
    "user": 1,
    "content_type": 8,
    "object_id": "127",
    "object_repr": "Text: Other",
    "action_flag": 1,
    "change_message": "[{\"added\": {}}]"
  }
},
{
  "model": "admin.logentry",
  "pk": 547,
  "fields": {
    "action_time": "2021-05-14T15:30:16.295Z",
    "user": 1,
    "content_type": 14,
    "object_id": "139",
    "object_repr": "Text: ethnicity_white (en)",
    "action_flag": 1,
    "change_message": "[{\"added\": {}}]"
  }
},
{
  "model": "admin.logentry",
  "pk": 548,
  "fields": {
    "action_time": "2021-05-14T15:30:33.616Z",
    "user": 1,
    "content_type": 14,
    "object_id": "140",
    "object_repr": "Text: other (en)",
    "action_flag": 1,
    "change_message": "[{\"added\": {}}]"
  }
},
{
  "model": "admin.logentry",
  "pk": 549,
  "fields": {
    "action_time": "2021-05-14T15:30:51.919Z",
    "user": 1,
    "content_type": 18,
    "object_id": "2",
    "object_repr": "Text: other (4) is a choice in ethnicity (multiple)",
    "action_flag": 1,
    "change_message": "[{\"added\": {}}]"
  }
},
{
  "model": "admin.logentry",
  "pk": 550,
  "fields": {
    "action_time": "2021-05-14T15:33:28.318Z",
    "user": 1,
    "content_type": 8,
    "object_id": "128",
    "object_repr": "Text: ethnicity_black",
    "action_flag": 1,
    "change_message": "[{\"added\": {}}]"
  }
},
{
  "model": "admin.logentry",
  "pk": 551,
  "fields": {
    "action_time": "2021-05-14T15:33:33.369Z",
    "user": 1,
    "content_type": 18,
    "object_id": "3",
    "object_repr": "Text: ethnicity_black (1) is a choice in ethnicity (multiple)",
    "action_flag": 1,
    "change_message": "[{\"added\": {}}]"
  }
},
{
  "model": "admin.logentry",
  "pk": 552,
  "fields": {
    "action_time": "2021-05-14T15:33:58.211Z",
    "user": 1,
    "content_type": 8,
    "object_id": "129",
    "object_repr": "Text: ethnicity_afro_caribbean",
    "action_flag": 1,
    "change_message": "[{\"added\": {}}]"
  }
},
{
  "model": "admin.logentry",
  "pk": 553,
  "fields": {
    "action_time": "2021-05-14T15:34:12.394Z",
    "user": 1,
    "content_type": 18,
    "object_id": "4",
    "object_repr": "Text: ethnicity_afro_caribbean (2) is a choice in ethnicity (multiple)",
    "action_flag": 1,
    "change_message": "[{\"added\": {}}]"
  }
},
{
  "model": "admin.logentry",
  "pk": 554,
  "fields": {
    "action_time": "2021-05-14T15:34:28.613Z",
    "user": 1,
    "content_type": 8,
    "object_id": "130",
    "object_repr": "Text: ethnicity_south_asian",
    "action_flag": 1,
    "change_message": "[{\"added\": {}}]"
  }
},
{
  "model": "admin.logentry",
  "pk": 555,
  "fields": {
    "action_time": "2021-05-14T15:34:38.209Z",
    "user": 1,
    "content_type": 18,
    "object_id": "5",
    "object_repr": "Text: ethnicity_south_asian (3) is a choice in ethnicity (multiple)",
    "action_flag": 1,
    "change_message": "[{\"added\": {}}]"
  }
},
{
  "model": "admin.logentry",
  "pk": 556,
  "fields": {
    "action_time": "2021-05-14T15:34:57.971Z",
    "user": 1,
    "content_type": 14,
    "object_id": "141",
    "object_repr": "Text: ethnicity_black (en)",
    "action_flag": 1,
    "change_message": "[{\"added\": {}}]"
  }
},
{
  "model": "admin.logentry",
  "pk": 557,
  "fields": {
    "action_time": "2021-05-14T15:35:09.515Z",
    "user": 1,
    "content_type": 14,
    "object_id": "142",
    "object_repr": "Text: ethnicity_afro_caribbean (en)",
    "action_flag": 1,
    "change_message": "[{\"added\": {}}]"
  }
},
{
  "model": "admin.logentry",
  "pk": 558,
  "fields": {
    "action_time": "2021-05-14T15:35:16.172Z",
    "user": 1,
    "content_type": 14,
    "object_id": "143",
    "object_repr": "Text: ethnicity_south_asian (en)",
    "action_flag": 1,
    "change_message": "[{\"added\": {}}]"
  }
},
{
  "model": "admin.logentry",
  "pk": 559,
  "fields": {
    "action_time": "2021-05-14T15:36:41.490Z",
    "user": 1,
    "content_type": 8,
    "object_id": "131",
    "object_repr": "Text: button_previous",
    "action_flag": 1,
    "change_message": "[{\"added\": {}}]"
  }
},
{
  "model": "admin.logentry",
  "pk": 560,
  "fields": {
    "action_time": "2021-05-14T15:36:48.938Z",
    "user": 1,
    "content_type": 14,
    "object_id": "144",
    "object_repr": "Text: button_previous (en)",
    "action_flag": 1,
    "change_message": "[{\"added\": {}}]"
  }
},
{
  "model": "admin.logentry",
  "pk": 561,
  "fields": {
    "action_time": "2021-05-14T15:37:09.635Z",
    "user": 1,
    "content_type": 8,
    "object_id": "132",
    "object_repr": "Text: skipped_warning_singular",
    "action_flag": 1,
    "change_message": "[{\"added\": {}}]"
  }
},
{
  "model": "admin.logentry",
  "pk": 562,
  "fields": {
    "action_time": "2021-05-14T15:37:19.613Z",
    "user": 1,
    "content_type": 14,
    "object_id": "145",
    "object_repr": "Text: skipped_warning_singular (en)",
    "action_flag": 1,
    "change_message": "[{\"added\": {}}]"
  }
},
{
  "model": "admin.logentry",
  "pk": 563,
  "fields": {
    "action_time": "2021-05-14T15:37:38.476Z",
    "user": 1,
    "content_type": 8,
    "object_id": "133",
    "object_repr": "Text: skipped_warning_plural",
    "action_flag": 1,
    "change_message": "[{\"added\": {}}]"
  }
},
{
  "model": "admin.logentry",
  "pk": 564,
  "fields": {
    "action_time": "2021-05-14T15:37:46.516Z",
    "user": 1,
    "content_type": 14,
    "object_id": "146",
    "object_repr": "Text: skipped_warning_plural (en)",
    "action_flag": 1,
    "change_message": "[{\"added\": {}}]"
  }
},
{
  "model": "admin.logentry",
  "pk": 565,
  "fields": {
    "action_time": "2021-05-14T15:38:15.442Z",
    "user": 1,
    "content_type": 8,
    "object_id": "134",
    "object_repr": "Text: loading_risk",
    "action_flag": 1,
    "change_message": "[{\"added\": {}}]"
  }
},
{
  "model": "admin.logentry",
  "pk": 566,
  "fields": {
    "action_time": "2021-05-14T15:38:37.788Z",
    "user": 1,
    "content_type": 14,
    "object_id": "147",
    "object_repr": "Text: loading_risk (en)",
    "action_flag": 1,
    "change_message": "[{\"added\": {}}]"
  }
},
{
  "model": "admin.logentry",
  "pk": 567,
  "fields": {
    "action_time": "2021-05-14T15:38:55.194Z",
    "user": 1,
    "content_type": 8,
    "object_id": "135",
    "object_repr": "Text: loading",
    "action_flag": 1,
    "change_message": "[{\"added\": {}}]"
  }
},
{
  "model": "admin.logentry",
  "pk": 568,
  "fields": {
    "action_time": "2021-05-14T15:39:00.795Z",
    "user": 1,
    "content_type": 14,
    "object_id": "148",
    "object_repr": "Text: loading (en)",
    "action_flag": 1,
    "change_message": "[{\"added\": {}}]"
  }
},
{
  "model": "auth.permission",
  "pk": 1,
  "fields": {
    "name": "Can add log entry",
    "content_type": 1,
    "codename": "add_logentry"
  }
},
{
  "model": "auth.permission",
  "pk": 2,
  "fields": {
    "name": "Can change log entry",
    "content_type": 1,
    "codename": "change_logentry"
  }
},
{
  "model": "auth.permission",
  "pk": 3,
  "fields": {
    "name": "Can delete log entry",
    "content_type": 1,
    "codename": "delete_logentry"
  }
},
{
  "model": "auth.permission",
  "pk": 4,
  "fields": {
    "name": "Can view log entry",
    "content_type": 1,
    "codename": "view_logentry"
  }
},
{
  "model": "auth.permission",
  "pk": 5,
  "fields": {
    "name": "Can add permission",
    "content_type": 2,
    "codename": "add_permission"
  }
},
{
  "model": "auth.permission",
  "pk": 6,
  "fields": {
    "name": "Can change permission",
    "content_type": 2,
    "codename": "change_permission"
  }
},
{
  "model": "auth.permission",
  "pk": 7,
  "fields": {
    "name": "Can delete permission",
    "content_type": 2,
    "codename": "delete_permission"
  }
},
{
  "model": "auth.permission",
  "pk": 8,
  "fields": {
    "name": "Can view permission",
    "content_type": 2,
    "codename": "view_permission"
  }
},
{
  "model": "auth.permission",
  "pk": 9,
  "fields": {
    "name": "Can add group",
    "content_type": 3,
    "codename": "add_group"
  }
},
{
  "model": "auth.permission",
  "pk": 10,
  "fields": {
    "name": "Can change group",
    "content_type": 3,
    "codename": "change_group"
  }
},
{
  "model": "auth.permission",
  "pk": 11,
  "fields": {
    "name": "Can delete group",
    "content_type": 3,
    "codename": "delete_group"
  }
},
{
  "model": "auth.permission",
  "pk": 12,
  "fields": {
    "name": "Can view group",
    "content_type": 3,
    "codename": "view_group"
  }
},
{
  "model": "auth.permission",
  "pk": 13,
  "fields": {
    "name": "Can add user",
    "content_type": 4,
    "codename": "add_user"
  }
},
{
  "model": "auth.permission",
  "pk": 14,
  "fields": {
    "name": "Can change user",
    "content_type": 4,
    "codename": "change_user"
  }
},
{
  "model": "auth.permission",
  "pk": 15,
  "fields": {
    "name": "Can delete user",
    "content_type": 4,
    "codename": "delete_user"
  }
},
{
  "model": "auth.permission",
  "pk": 16,
  "fields": {
    "name": "Can view user",
    "content_type": 4,
    "codename": "view_user"
  }
},
{
  "model": "auth.permission",
  "pk": 17,
  "fields": {
    "name": "Can add content type",
    "content_type": 5,
    "codename": "add_contenttype"
  }
},
{
  "model": "auth.permission",
  "pk": 18,
  "fields": {
    "name": "Can change content type",
    "content_type": 5,
    "codename": "change_contenttype"
  }
},
{
  "model": "auth.permission",
  "pk": 19,
  "fields": {
    "name": "Can delete content type",
    "content_type": 5,
    "codename": "delete_contenttype"
  }
},
{
  "model": "auth.permission",
  "pk": 20,
  "fields": {
    "name": "Can view content type",
    "content_type": 5,
    "codename": "view_contenttype"
  }
},
{
  "model": "auth.permission",
  "pk": 21,
  "fields": {
    "name": "Can add session",
    "content_type": 6,
    "codename": "add_session"
  }
},
{
  "model": "auth.permission",
  "pk": 22,
  "fields": {
    "name": "Can change session",
    "content_type": 6,
    "codename": "change_session"
  }
},
{
  "model": "auth.permission",
  "pk": 23,
  "fields": {
    "name": "Can delete session",
    "content_type": 6,
    "codename": "delete_session"
  }
},
{
  "model": "auth.permission",
  "pk": 24,
  "fields": {
    "name": "Can view session",
    "content_type": 6,
    "codename": "view_session"
  }
},
{
  "model": "auth.permission",
  "pk": 25,
  "fields": {
    "name": "Can add language",
    "content_type": 7,
    "codename": "add_language"
  }
},
{
  "model": "auth.permission",
  "pk": 26,
  "fields": {
    "name": "Can change language",
    "content_type": 7,
    "codename": "change_language"
  }
},
{
  "model": "auth.permission",
  "pk": 27,
  "fields": {
    "name": "Can delete language",
    "content_type": 7,
    "codename": "delete_language"
  }
},
{
  "model": "auth.permission",
  "pk": 28,
  "fields": {
    "name": "Can view language",
    "content_type": 7,
    "codename": "view_language"
  }
},
{
  "model": "auth.permission",
  "pk": 29,
  "fields": {
    "name": "Can add content type",
    "content_type": 8,
    "codename": "add_contenttype"
  }
},
{
  "model": "auth.permission",
  "pk": 30,
  "fields": {
    "name": "Can change content type",
    "content_type": 8,
    "codename": "change_contenttype"
  }
},
{
  "model": "auth.permission",
  "pk": 31,
  "fields": {
    "name": "Can delete content type",
    "content_type": 8,
    "codename": "delete_contenttype"
  }
},
{
  "model": "auth.permission",
  "pk": 32,
  "fields": {
    "name": "Can view content type",
    "content_type": 8,
    "codename": "view_contenttype"
  }
},
{
  "model": "auth.permission",
  "pk": 33,
  "fields": {
    "name": "Can add content",
    "content_type": 9,
    "codename": "add_content"
  }
},
{
  "model": "auth.permission",
  "pk": 34,
  "fields": {
    "name": "Can change content",
    "content_type": 9,
    "codename": "change_content"
  }
},
{
  "model": "auth.permission",
  "pk": 35,
  "fields": {
    "name": "Can delete content",
    "content_type": 9,
    "codename": "delete_content"
  }
},
{
  "model": "auth.permission",
  "pk": 36,
  "fields": {
    "name": "Can view content",
    "content_type": 9,
    "codename": "view_content"
  }
},
{
  "model": "auth.permission",
  "pk": 37,
  "fields": {
    "name": "Can add translation",
    "content_type": 10,
    "codename": "add_translation"
  }
},
{
  "model": "auth.permission",
  "pk": 38,
  "fields": {
    "name": "Can change translation",
    "content_type": 10,
    "codename": "change_translation"
  }
},
{
  "model": "auth.permission",
  "pk": 39,
  "fields": {
    "name": "Can delete translation",
    "content_type": 10,
    "codename": "delete_translation"
  }
},
{
  "model": "auth.permission",
  "pk": 40,
  "fields": {
    "name": "Can view translation",
    "content_type": 10,
    "codename": "view_translation"
  }
},
{
  "model": "auth.permission",
  "pk": 41,
  "fields": {
    "name": "Can add answer type",
    "content_type": 11,
    "codename": "add_answertype"
  }
},
{
  "model": "auth.permission",
  "pk": 42,
  "fields": {
    "name": "Can change answer type",
    "content_type": 11,
    "codename": "change_answertype"
  }
},
{
  "model": "auth.permission",
  "pk": 43,
  "fields": {
    "name": "Can delete answer type",
    "content_type": 11,
    "codename": "delete_answertype"
  }
},
{
  "model": "auth.permission",
  "pk": 44,
  "fields": {
    "name": "Can view answer type",
    "content_type": 11,
    "codename": "view_answertype"
  }
},
{
  "model": "auth.permission",
  "pk": 45,
  "fields": {
    "name": "Can add factor",
    "content_type": 12,
    "codename": "add_factor"
  }
},
{
  "model": "auth.permission",
  "pk": 46,
  "fields": {
    "name": "Can change factor",
    "content_type": 12,
    "codename": "change_factor"
  }
},
{
  "model": "auth.permission",
  "pk": 47,
  "fields": {
    "name": "Can delete factor",
    "content_type": 12,
    "codename": "delete_factor"
  }
},
{
  "model": "auth.permission",
  "pk": 48,
  "fields": {
    "name": "Can view factor",
    "content_type": 12,
    "codename": "view_factor"
  }
},
{
  "model": "auth.permission",
  "pk": 49,
  "fields": {
    "name": "Can add references",
    "content_type": 13,
    "codename": "add_references"
  }
},
{
  "model": "auth.permission",
  "pk": 50,
  "fields": {
    "name": "Can change references",
    "content_type": 13,
    "codename": "change_references"
  }
},
{
  "model": "auth.permission",
  "pk": 51,
  "fields": {
    "name": "Can delete references",
    "content_type": 13,
    "codename": "delete_references"
  }
},
{
  "model": "auth.permission",
  "pk": 52,
  "fields": {
    "name": "Can view references",
    "content_type": 13,
    "codename": "view_references"
  }
},
{
  "model": "auth.permission",
  "pk": 53,
  "fields": {
    "name": "Can add factor",
    "content_type": 14,
    "codename": "add_factor"
  }
},
{
  "model": "auth.permission",
  "pk": 54,
  "fields": {
    "name": "Can change factor",
    "content_type": 14,
    "codename": "change_factor"
  }
},
{
  "model": "auth.permission",
  "pk": 55,
  "fields": {
    "name": "Can delete factor",
    "content_type": 14,
    "codename": "delete_factor"
  }
},
{
  "model": "auth.permission",
  "pk": 56,
  "fields": {
    "name": "Can view factor",
    "content_type": 14,
    "codename": "view_factor"
  }
},
{
  "model": "auth.permission",
  "pk": 57,
  "fields": {
    "name": "Can add disease translation",
    "content_type": 15,
    "codename": "add_diseasetranslation"
  }
},
{
  "model": "auth.permission",
  "pk": 58,
  "fields": {
    "name": "Can change disease translation",
    "content_type": 15,
    "codename": "change_diseasetranslation"
  }
},
{
  "model": "auth.permission",
  "pk": 59,
  "fields": {
    "name": "Can delete disease translation",
    "content_type": 15,
    "codename": "delete_diseasetranslation"
  }
},
{
  "model": "auth.permission",
  "pk": 60,
  "fields": {
    "name": "Can view disease translation",
    "content_type": 15,
    "codename": "view_diseasetranslation"
  }
},
{
  "model": "auth.permission",
  "pk": 61,
  "fields": {
    "name": "Can add disease",
    "content_type": 12,
    "codename": "add_disease"
  }
},
{
  "model": "auth.permission",
  "pk": 62,
  "fields": {
    "name": "Can change disease",
    "content_type": 12,
    "codename": "change_disease"
  }
},
{
  "model": "auth.permission",
  "pk": 63,
  "fields": {
    "name": "Can delete disease",
    "content_type": 12,
    "codename": "delete_disease"
  }
},
{
  "model": "auth.permission",
  "pk": 64,
  "fields": {
    "name": "Can view disease",
    "content_type": 12,
    "codename": "view_disease"
  }
},
{
  "model": "auth.permission",
  "pk": 65,
  "fields": {
    "name": "Can add content type",
    "content_type": 7,
    "codename": "add_contenttype"
  }
},
{
  "model": "auth.permission",
  "pk": 66,
  "fields": {
    "name": "Can change content type",
    "content_type": 7,
    "codename": "change_contenttype"
  }
},
{
  "model": "auth.permission",
  "pk": 67,
  "fields": {
    "name": "Can delete content type",
    "content_type": 7,
    "codename": "delete_contenttype"
  }
},
{
  "model": "auth.permission",
  "pk": 68,
  "fields": {
    "name": "Can view content type",
    "content_type": 7,
    "codename": "view_contenttype"
  }
},
{
  "model": "auth.permission",
  "pk": 69,
  "fields": {
    "name": "Can add language",
    "content_type": 8,
    "codename": "add_language"
  }
},
{
  "model": "auth.permission",
  "pk": 70,
  "fields": {
    "name": "Can change language",
    "content_type": 8,
    "codename": "change_language"
  }
},
{
  "model": "auth.permission",
  "pk": 71,
  "fields": {
    "name": "Can delete language",
    "content_type": 8,
    "codename": "delete_language"
  }
},
{
  "model": "auth.permission",
  "pk": 72,
  "fields": {
    "name": "Can view language",
    "content_type": 8,
    "codename": "view_language"
  }
},
{
  "model": "auth.permission",
  "pk": 73,
  "fields": {
    "name": "Can add complication_ risk",
    "content_type": 16,
    "codename": "add_complication_risk"
  }
},
{
  "model": "auth.permission",
  "pk": 74,
  "fields": {
    "name": "Can change complication_ risk",
    "content_type": 16,
    "codename": "change_complication_risk"
  }
},
{
  "model": "auth.permission",
  "pk": 75,
  "fields": {
    "name": "Can delete complication_ risk",
    "content_type": 16,
    "codename": "delete_complication_risk"
  }
},
{
  "model": "auth.permission",
  "pk": 76,
  "fields": {
    "name": "Can view complication_ risk",
    "content_type": 16,
    "codename": "view_complication_risk"
  }
},
{
  "model": "auth.permission",
  "pk": 77,
  "fields": {
    "name": "Can add complication_ risk",
    "content_type": 13,
    "codename": "add_complication_risk"
  }
},
{
  "model": "auth.permission",
  "pk": 78,
  "fields": {
    "name": "Can change complication_ risk",
    "content_type": 13,
    "codename": "change_complication_risk"
  }
},
{
  "model": "auth.permission",
  "pk": 79,
  "fields": {
    "name": "Can delete complication_ risk",
    "content_type": 13,
    "codename": "delete_complication_risk"
  }
},
{
  "model": "auth.permission",
  "pk": 80,
  "fields": {
    "name": "Can view complication_ risk",
    "content_type": 13,
    "codename": "view_complication_risk"
  }
},
{
  "model": "auth.permission",
  "pk": 81,
  "fields": {
    "name": "Can add factor value",
    "content_type": 18,
    "codename": "add_factorvalue"
  }
},
{
  "model": "auth.permission",
  "pk": 82,
  "fields": {
    "name": "Can change factor value",
    "content_type": 18,
    "codename": "change_factorvalue"
  }
},
{
  "model": "auth.permission",
  "pk": 83,
  "fields": {
    "name": "Can delete factor value",
    "content_type": 18,
    "codename": "delete_factorvalue"
  }
},
{
  "model": "auth.permission",
  "pk": 84,
  "fields": {
    "name": "Can view factor value",
    "content_type": 18,
    "codename": "view_factorvalue"
  }
},
{
  "model": "auth.permission",
  "pk": 85,
  "fields": {
    "name": "Can add content type",
    "content_type": 9,
    "codename": "add_contenttype"
  }
},
{
  "model": "auth.permission",
  "pk": 86,
  "fields": {
    "name": "Can change content type",
    "content_type": 9,
    "codename": "change_contenttype"
  }
},
{
  "model": "auth.permission",
  "pk": 87,
  "fields": {
    "name": "Can delete content type",
    "content_type": 9,
    "codename": "delete_contenttype"
  }
},
{
  "model": "auth.permission",
  "pk": 88,
  "fields": {
    "name": "Can view content type",
    "content_type": 9,
    "codename": "view_contenttype"
  }
},
{
  "model": "auth.permission",
  "pk": 89,
  "fields": {
    "name": "Can add translation",
    "content_type": 14,
    "codename": "add_translation"
  }
},
{
  "model": "auth.permission",
  "pk": 90,
  "fields": {
    "name": "Can change translation",
    "content_type": 14,
    "codename": "change_translation"
  }
},
{
  "model": "auth.permission",
  "pk": 91,
  "fields": {
    "name": "Can delete translation",
    "content_type": 14,
    "codename": "delete_translation"
  }
},
{
  "model": "auth.permission",
  "pk": 92,
  "fields": {
    "name": "Can view translation",
    "content_type": 14,
    "codename": "view_translation"
  }
},
{
  "model": "auth.permission",
  "pk": 93,
  "fields": {
    "name": "Can add answer type",
    "content_type": 7,
    "codename": "add_answertype"
  }
},
{
  "model": "auth.permission",
  "pk": 94,
  "fields": {
    "name": "Can change answer type",
    "content_type": 7,
    "codename": "change_answertype"
  }
},
{
  "model": "auth.permission",
  "pk": 95,
  "fields": {
    "name": "Can delete answer type",
    "content_type": 7,
    "codename": "delete_answertype"
  }
},
{
  "model": "auth.permission",
  "pk": 96,
  "fields": {
    "name": "Can view answer type",
    "content_type": 7,
    "codename": "view_answertype"
  }
},
{
  "model": "auth.permission",
  "pk": 97,
  "fields": {
    "name": "Can add reference",
    "content_type": 11,
    "codename": "add_reference"
  }
},
{
  "model": "auth.permission",
  "pk": 98,
  "fields": {
    "name": "Can change reference",
    "content_type": 11,
    "codename": "change_reference"
  }
},
{
  "model": "auth.permission",
  "pk": 99,
  "fields": {
    "name": "Can delete reference",
    "content_type": 11,
    "codename": "delete_reference"
  }
},
{
  "model": "auth.permission",
  "pk": 100,
  "fields": {
    "name": "Can view reference",
    "content_type": 11,
    "codename": "view_reference"
  }
},
{
  "model": "auth.permission",
  "pk": 101,
  "fields": {
    "name": "Can add content",
    "content_type": 8,
    "codename": "add_content"
  }
},
{
  "model": "auth.permission",
  "pk": 102,
  "fields": {
    "name": "Can change content",
    "content_type": 8,
    "codename": "change_content"
  }
},
{
  "model": "auth.permission",
  "pk": 103,
  "fields": {
    "name": "Can delete content",
    "content_type": 8,
    "codename": "delete_content"
  }
},
{
  "model": "auth.permission",
  "pk": 104,
  "fields": {
    "name": "Can view content",
    "content_type": 8,
    "codename": "view_content"
  }
},
{
  "model": "auth.permission",
  "pk": 105,
  "fields": {
    "name": "Can add language",
    "content_type": 10,
    "codename": "add_language"
  }
},
{
  "model": "auth.permission",
  "pk": 106,
  "fields": {
    "name": "Can change language",
    "content_type": 10,
    "codename": "change_language"
  }
},
{
  "model": "auth.permission",
  "pk": 107,
  "fields": {
    "name": "Can delete language",
    "content_type": 10,
    "codename": "delete_language"
  }
},
{
  "model": "auth.permission",
  "pk": 108,
  "fields": {
    "name": "Can view language",
    "content_type": 10,
    "codename": "view_language"
  }
},
{
  "model": "auth.user",
  "pk": 1,
  "fields": {
    "password": "pbkdf2_sha256$216000$dW5KSggOSG0O$ooT6QnCYtRUw6L0maDOxyP8DiHTSmenrFrI7R4Cex8s=",
    "last_login": "2021-05-14T14:53:18.540Z",
    "is_superuser": true,
    "username": "admin",
    "first_name": "",
    "last_name": "",
    "email": "",
    "is_staff": true,
    "is_active": true,
    "date_joined": "2021-03-11T11:26:03Z",
    "groups": [],
    "user_permissions": []
  }
},
{
  "model": "contenttypes.contenttype",
  "pk": 1,
  "fields": {
    "app_label": "admin",
    "model": "logentry"
  }
},
{
  "model": "contenttypes.contenttype",
  "pk": 2,
  "fields": {
    "app_label": "auth",
    "model": "permission"
  }
},
{
  "model": "contenttypes.contenttype",
  "pk": 3,
  "fields": {
    "app_label": "auth",
    "model": "group"
  }
},
{
  "model": "contenttypes.contenttype",
  "pk": 4,
  "fields": {
    "app_label": "auth",
    "model": "user"
  }
},
{
  "model": "contenttypes.contenttype",
  "pk": 5,
  "fields": {
    "app_label": "contenttypes",
    "model": "contenttype"
  }
},
{
  "model": "contenttypes.contenttype",
  "pk": 6,
  "fields": {
    "app_label": "sessions",
    "model": "session"
  }
},
{
  "model": "contenttypes.contenttype",
  "pk": 7,
  "fields": {
    "app_label": "epr",
    "model": "answertype"
  }
},
{
  "model": "contenttypes.contenttype",
  "pk": 8,
  "fields": {
    "app_label": "epr",
    "model": "content"
  }
},
{
  "model": "contenttypes.contenttype",
  "pk": 9,
  "fields": {
    "app_label": "epr",
    "model": "contenttype"
  }
},
{
  "model": "contenttypes.contenttype",
  "pk": 10,
  "fields": {
    "app_label": "epr",
    "model": "language"
  }
},
{
  "model": "contenttypes.contenttype",
  "pk": 11,
  "fields": {
    "app_label": "epr",
    "model": "reference"
  }
},
{
  "model": "contenttypes.contenttype",
  "pk": 12,
  "fields": {
    "app_label": "epr",
    "model": "factor"
  }
},
{
  "model": "contenttypes.contenttype",
  "pk": 13,
  "fields": {
    "app_label": "epr",
    "model": "complication_risk"
  }
},
{
  "model": "contenttypes.contenttype",
  "pk": 14,
  "fields": {
    "app_label": "epr",
    "model": "translation"
  }
},
{
  "model": "contenttypes.contenttype",
  "pk": 15,
  "fields": {
    "app_label": "epr",
    "model": "disease"
  }
},
{
  "model": "contenttypes.contenttype",
  "pk": 16,
  "fields": {
    "app_label": "epr",
    "model": "references"
  }
},
{
  "model": "contenttypes.contenttype",
  "pk": 17,
  "fields": {
    "app_label": "epr",
    "model": "diseasetranslation"
  }
},
{
  "model": "contenttypes.contenttype",
  "pk": 18,
  "fields": {
    "app_label": "epr",
    "model": "factorvalue"
  }
},
{
  "model": "sessions.session",
  "pk": "0bmckvw09djga6jgsd3e8c9f1662300z",
  "fields": {
    "session_data": ".eJxVjMsOwiAQRf-FtSEwIA-X7vsNZHiMVA0kpV0Z_12bdKHbe865LxZwW2vYRlnCnNmFSXb63SKmR2k7yHdst85Tb-syR74r_KCDTz2X5_Vw_w4qjvqtS8xGCTI6KjAepCJPKDwogcrFRM6lrEEWtOfkIgoLpIyWRUJOBGTZ-wPhFjf3:1lMags:RVy8CfdxXl542dxx3K4bJif01sQbWzbVuU78aW9wUQ8",
    "expire_date": "2021-03-31T18:14:42.910Z"
  }
},
{
  "model": "sessions.session",
  "pk": "1c0x2lj1p6jgxw8our6v1hajywx14faj",
  "fields": {
    "session_data": ".eJxVjMsOwiAQRf-FtSEwIA-X7vsNZHiMVA0kpV0Z_12bdKHbe865LxZwW2vYRlnCnNmFSXb63SKmR2k7yHdst85Tb-syR74r_KCDTz2X5_Vw_w4qjvqtS8xGCTI6KjAepCJPKDwogcrFRM6lrEEWtOfkIgoLpIyWRUJOBGTZ-wPhFjf3:1ldY3q:NtKW7GTev92Kn4hYTsd3fyn8t9HwbqY4dv7nAEe1upk",
    "expire_date": "2021-05-17T12:52:30.827Z"
  }
},
{
  "model": "sessions.session",
  "pk": "2sp7m5jpdpirtit14mahw27cikfygbym",
  "fields": {
    "session_data": ".eJxVjMsOwiAQRf-FtSEwIA-X7vsNZHiMVA0kpV0Z_12bdKHbe865LxZwW2vYRlnCnNmFSXb63SKmR2k7yHdst85Tb-syR74r_KCDTz2X5_Vw_w4qjvqtS8xGCTI6KjAepCJPKDwogcrFRM6lrEEWtOfkIgoLpIyWRUJOBGTZ-wPhFjf3:1lZYkJ:BVFUMH0OuSTRL4jaOg_BzKtdT8XkBx__biu8eX966y4",
    "expire_date": "2021-05-06T12:47:51.499Z"
  }
},
{
  "model": "sessions.session",
  "pk": "3wvedti6ud5sz27otksecx3ceauy9ln1",
  "fields": {
    "session_data": ".eJxVjMsOwiAQRf-FtSEwIA-X7vsNZHiMVA0kpV0Z_12bdKHbe865LxZwW2vYRlnCnNmFSXb63SKmR2k7yHdst85Tb-syR74r_KCDTz2X5_Vw_w4qjvqtS8xGCTI6KjAepCJPKDwogcrFRM6lrEEWtOfkIgoLpIyWRUJOBGTZ-wPhFjf3:1lZWJK:NEQVHqm-fuac5lEl8imk0Gs2Pb7FVC_jph6Ts1V_dbU",
    "expire_date": "2021-05-06T10:11:50.424Z"
  }
},
{
  "model": "sessions.session",
  "pk": "9rmf421d7w7kmkry3mtcrvrskdnohops",
  "fields": {
    "session_data": ".eJxVjEEOwiAQRe_C2hBmijK4dO8ZmgEGqRpISrsy3l2bdKHb_977LzXyupRx7TKPU1JnBerwuwWOD6kbSHeut6Zjq8s8Bb0peqddX1uS52V3_w4K9_KtacjoQrRClgWIPJ8cYnY5ZiA3JHJoBMAQB2OBfcAECT1I9B7xmNX7A9mIN3o:1lKLQ7:B4Xq0fQaIEml2fHAxPDue-NAu3btE2AnWQpzetSaNaw",
    "expire_date": "2021-03-25T13:32:07.302Z"
  }
},
{
  "model": "sessions.session",
  "pk": "av1usacs1x3uiuu7hjcxskxs03x5fkz1",
  "fields": {
    "session_data": ".eJxVjMsOwiAQRf-FtSEwIA-X7vsNZHiMVA0kpV0Z_12bdKHbe865LxZwW2vYRlnCnNmFSXb63SKmR2k7yHdst85Tb-syR74r_KCDTz2X5_Vw_w4qjvqtS8xGCTI6KjAepCJPKDwogcrFRM6lrEEWtOfkIgoLpIyWRUJOBGTZ-wPhFjf3:1lZX6E:g92r1tP3ocrWQasZ6Raw7AHqSepN4xoGaNo7jVwnBX0",
    "expire_date": "2021-05-06T11:02:22.888Z"
  }
},
{
  "model": "sessions.session",
  "pk": "fx8tul2rb6v1151yc0kc994hi8dbss9f",
  "fields": {
    "session_data": ".eJxVjEEOwiAQRe_C2hBmijK4dO8ZmgEGqRpISrsy3l2bdKHb_977LzXyupRx7TKPU1JnBerwuwWOD6kbSHeut6Zjq8s8Bb0peqddX1uS52V3_w4K9_KtacjoQrRClgWIPJ8cYnY5ZiA3JHJoBMAQB2OBfcAECT1I9B7xmNX7A9mIN3o:1lKLRT:hx_wm_bQO-o5QW8ckKzxZpc0yz9r__i01y8ZpS2E_GA",
    "expire_date": "2021-03-25T13:33:31.849Z"
  }
},
{
  "model": "sessions.session",
  "pk": "l7hi7rlon501an318rlmscx8s2is13xb",
  "fields": {
    "session_data": ".eJxVjMsOwiAQRf-FtSEwIA-X7vsNZHiMVA0kpV0Z_12bdKHbe865LxZwW2vYRlnCnNmFSXb63SKmR2k7yHdst85Tb-syR74r_KCDTz2X5_Vw_w4qjvqtS8xGCTI6KjAepCJPKDwogcrFRM6lrEEWtOfkIgoLpIyWRUJOBGTZ-wPhFjf3:1lMEXR:S2VcerSFs2GKfV34zBaESHIzzJqX4OExsubNPnHAZ78",
    "expire_date": "2021-03-30T18:35:29.623Z"
  }
},
{
  "model": "sessions.session",
  "pk": "lvqecks90zlng17r9cf5g7g7kncl9x7v",
  "fields": {
    "session_data": ".eJxVjMsOwiAQRf-FtSEwIA-X7vsNZHiMVA0kpV0Z_12bdKHbe865LxZwW2vYRlnCnNmFSXb63SKmR2k7yHdst85Tb-syR74r_KCDTz2X5_Vw_w4qjvqtS8xGCTI6KjAepCJPKDwogcrFRM6lrEEWtOfkIgoLpIyWRUJOBGTZ-wPhFjf3:1ldyD9:Jv1e2egDZvIALTM5LdlYPFEIRhBdB0tmtKfebutwm_w",
    "expire_date": "2021-05-18T16:47:51.030Z"
  }
},
{
  "model": "sessions.session",
  "pk": "mbsjslxmb6opnl0nfl9ikb5jckkjnf86",
  "fields": {
    "session_data": ".eJxVjMsOwiAQRf-FtSEwIA-X7vsNZHiMVA0kpV0Z_12bdKHbe865LxZwW2vYRlnCnNmFSXb63SKmR2k7yHdst85Tb-syR74r_KCDTz2X5_Vw_w4qjvqtS8xGCTI6KjAepCJPKDwogcrFRM6lrEEWtOfkIgoLpIyWRUJOBGTZ-wPhFjf3:1lMHtY:W59Jz3mgFkHNCG1B3TZMeBZlCpsq8135s9pu-e-HuPU",
    "expire_date": "2021-03-30T22:10:32.134Z"
  }
},
{
  "model": "sessions.session",
  "pk": "nwmzn5qpcsy35arxs37m51yfp7ysu3yy",
  "fields": {
    "session_data": ".eJxVjEEOwiAQRe_C2hBmijK4dO8ZmgEGqRpISrsy3l2bdKHb_977LzXyupRx7TKPU1JnBerwuwWOD6kbSHeut6Zjq8s8Bb0peqddX1uS52V3_w4K9_KtacjoQrRClgWIPJ8cYnY5ZiA3JHJoBMAQB2OBfcAECT1I9B7xmNX7A9mIN3o:1lMDI1:CcLAr1k9B1hRkPLZVprrafyRhtslGNlpssygN3AcjRc",
    "expire_date": "2021-03-30T17:15:29.483Z"
  }
},
{
  "model": "sessions.session",
  "pk": "oyqktu9kbpp2alnh123h55cpxz9p6fyn",
  "fields": {
    "session_data": ".eJxVjMsOwiAQRf-FtSEwIA-X7vsNZHiMVA0kpV0Z_12bdKHbe865LxZwW2vYRlnCnNmFSXb63SKmR2k7yHdst85Tb-syR74r_KCDTz2X5_Vw_w4qjvqtS8xGCTI6KjAepCJPKDwogcrFRM6lrEEWtOfkIgoLpIyWRUJOBGTZ-wPhFjf3:1lZYdA:2vvsV9pa8NBvDiGN88iPw4nYR8TqAR0kaOH0s-np6Es",
    "expire_date": "2021-05-06T12:40:28.679Z"
  }
},
{
  "model": "sessions.session",
  "pk": "q3ncix4gjqb3mt3zoj4iasba31tylrnl",
  "fields": {
    "session_data": ".eJxVjEEOwiAQRe_C2hBmijK4dO8ZmgEGqRpISrsy3l2bdKHb_977LzXyupRx7TKPU1JnBerwuwWOD6kbSHeut6Zjq8s8Bb0peqddX1uS52V3_w4K9_KtacjoQrRClgWIPJ8cYnY5ZiA3JHJoBMAQB2OBfcAECT1I9B7xmNX7A9mIN3o:1lMAA6:B5Ar001L6zPK0nsFZJW38klOhuy_Q1L-mdKhcIjuOTY",
    "expire_date": "2021-03-30T13:55:06.003Z"
  }
},
{
  "model": "sessions.session",
  "pk": "s2g8894lvdbprhxuk7sfrgmgnak72clx",
  "fields": {
    "session_data": ".eJxVjMsOwiAQRf-FtSEwIA-X7vsNZHiMVA0kpV0Z_12bdKHbe865LxZwW2vYRlnCnNmFSXb63SKmR2k7yHdst85Tb-syR74r_KCDTz2X5_Vw_w4qjvqtS8xGCTI6KjAepCJPKDwogcrFRM6lrEEWtOfkIgoLpIyWRUJOBGTZ-wPhFjf3:1lhZBm:gEfMTWTbAsuR4NfOte5AkOVbzq1igErs6SX1OBXYrqo",
    "expire_date": "2021-05-28T14:53:18.551Z"
  }
},
{
  "model": "sessions.session",
  "pk": "s3090htvj4qa7t86uvhj0zh4a35c6fi3",
  "fields": {
    "session_data": ".eJxVjMsOwiAQRf-FtSEwIA-X7vsNZHiMVA0kpV0Z_12bdKHbe865LxZwW2vYRlnCnNmFSXb63SKmR2k7yHdst85Tb-syR74r_KCDTz2X5_Vw_w4qjvqtS8xGCTI6KjAepCJPKDwogcrFRM6lrEEWtOfkIgoLpIyWRUJOBGTZ-wPhFjf3:1lZVnY:JA_b4DDfLE8SAxnnvyQGrBq0Td69TELgBGWpjuXgnfM",
    "expire_date": "2021-05-06T09:39:00.737Z"
  }
},
{
  "model": "sessions.session",
  "pk": "vck1pvp56wakvpjczr9ycgwrp4e39r4g",
  "fields": {
    "session_data": ".eJxVjMsOwiAQRf-FtSEwIA-X7vsNZHiMVA0kpV0Z_12bdKHbe865LxZwW2vYRlnCnNmFSXb63SKmR2k7yHdst85Tb-syR74r_KCDTz2X5_Vw_w4qjvqtS8xGCTI6KjAepCJPKDwogcrFRM6lrEEWtOfkIgoLpIyWRUJOBGTZ-wPhFjf3:1lMDdN:5HjQMz4ShqcA6IUBbfe8hrjN3yGkvdwmx0B3evyDYqE",
    "expire_date": "2021-03-30T17:37:33.161Z"
  }
},
{
  "model": "sessions.session",
  "pk": "viejb3damd0xkbl665xpkfclrc14iikf",
  "fields": {
    "session_data": ".eJxVjMsOwiAQRf-FtSEwIA-X7vsNZHiMVA0kpV0Z_12bdKHbe865LxZwW2vYRlnCnNmFSXb63SKmR2k7yHdst85Tb-syR74r_KCDTz2X5_Vw_w4qjvqtS8xGCTI6KjAepCJPKDwogcrFRM6lrEEWtOfkIgoLpIyWRUJOBGTZ-wPhFjf3:1lMRNt:6CegiZXcCj1_czMRlU35L13Bs1zv7QD1l7kpLt_GTGI",
    "expire_date": "2021-03-31T08:18:29.412Z"
  }
},
{
  "model": "epr.language",
  "pk": 1,
  "fields": {
    "code": "en",
    "language": "English"
  }
},
{
  "model": "epr.language",
  "pk": 2,
  "fields": {
    "code": "no",
    "language": "Norwegian"
  }
},
{
  "model": "epr.language",
  "pk": 3,
  "fields": {
    "code": "fr",
    "language": "French"
  }
},
{
  "model": "epr.contenttype",
  "pk": "Complication",
  "fields": {}
},
{
  "model": "epr.contenttype",
  "pk": "List",
  "fields": {}
},
{
  "model": "epr.contenttype",
  "pk": "Question",
  "fields": {}
},
{
  "model": "epr.contenttype",
  "pk": "Text",
  "fields": {}
},
{
  "model": "epr.content",
  "pk": 1,
  "fields": {
    "name": "age",
    "content_type": "Question"
  }
},
{
  "model": "epr.content",
  "pk": 2,
  "fields": {
    "name": "height",
    "content_type": "Question"
  }
},
{
  "model": "epr.content",
  "pk": 3,
  "fields": {
    "name": "front_page_paragraph_1",
    "content_type": "Text"
  }
},
{
  "model": "epr.content",
  "pk": 4,
  "fields": {
    "name": "parity",
    "content_type": "Question"
  }
},
{
  "model": "epr.content",
  "pk": 5,
  "fields": {
    "name": "diabetes",
    "content_type": "Question"
  }
},
{
  "model": "epr.content",
  "pk": 6,
  "fields": {
    "name": "congenital",
    "content_type": "Question"
  }
},
{
  "model": "epr.content",
  "pk": 7,
  "fields": {
    "name": "stillbirth",
    "content_type": "Question"
  }
},
{
  "model": "epr.content",
  "pk": 8,
  "fields": {
    "name": "previous_miscarriage",
    "content_type": "Question"
  }
},
{
  "model": "epr.content",
  "pk": 9,
  "fields": {
    "name": "preterm",
    "content_type": "Question"
  }
},
{
  "model": "epr.content",
  "pk": 10,
  "fields": {
    "name": "macrosomia",
    "content_type": "Question"
  }
},
{
  "model": "epr.content",
  "pk": 11,
  "fields": {
    "name": "weight",
    "content_type": "Question"
  }
},
{
  "model": "epr.content",
  "pk": 12,
  "fields": {
    "name": "ethnicity",
    "content_type": "Question"
  }
},
{
  "model": "epr.content",
  "pk": 13,
  "fields": {
    "name": "family_diabetes",
    "content_type": "Question"
  }
},
{
  "model": "epr.content",
  "pk": 14,
  "fields": {
    "name": "polycystic",
    "content_type": "Question"
  }
},
{
  "model": "epr.content",
  "pk": 15,
  "fields": {
    "name": "blood_pressure_family",
    "content_type": "Question"
  }
},
{
  "model": "epr.content",
  "pk": 16,
  "fields": {
    "name": "blood_pressure_not_family",
    "content_type": "Question"
  }
},
{
  "model": "epr.content",
  "pk": 17,
  "fields": {
    "name": "diet_not_varied",
    "content_type": "Question"
  }
},
{
  "model": "epr.content",
  "pk": 18,
  "fields": {
    "name": "diet_sugar",
    "content_type": "Question"
  }
},
{
  "model": "epr.content",
  "pk": 19,
  "fields": {
    "name": "diet_processed_meat",
    "content_type": "Question"
  }
},
{
  "model": "epr.content",
  "pk": 20,
  "fields": {
    "name": "diet_whole_grain",
    "content_type": "Question"
  }
},
{
  "model": "epr.content",
  "pk": 21,
  "fields": {
    "name": "diet_diary",
    "content_type": "Question"
  }
},
{
  "model": "epr.content",
  "pk": 22,
  "fields": {
    "name": "diet_vitamin_d",
    "content_type": "Question"
  }
},
{
  "model": "epr.content",
  "pk": 23,
  "fields": {
    "name": "activity_walking_minute",
    "content_type": "Question"
  }
},
{
  "model": "epr.content",
  "pk": 24,
  "fields": {
    "name": "activity_vigorous",
    "content_type": "Question"
  }
},
{
  "model": "epr.content",
  "pk": 25,
  "fields": {
    "name": "activity_stairs",
    "content_type": "Question"
  }
},
{
  "model": "epr.content",
  "pk": 26,
  "fields": {
    "name": "diet_sweets",
    "content_type": "Question"
  }
},
{
  "model": "epr.content",
  "pk": 27,
  "fields": {
    "name": "button_yes",
    "content_type": "Text"
  }
},
{
  "model": "epr.content",
  "pk": 28,
  "fields": {
    "name": "button_no",
    "content_type": "Text"
  }
},
{
  "model": "epr.content",
  "pk": 29,
  "fields": {
    "name": "button_skip",
    "content_type": "Text"
  }
},
{
  "model": "epr.content",
  "pk": 30,
  "fields": {
    "name": "button_continue",
    "content_type": "Text"
  }
},
{
  "model": "epr.content",
  "pk": 31,
  "fields": {
    "name": "front_page_paragraph_2",
    "content_type": "Text"
  }
},
{
  "model": "epr.content",
  "pk": 32,
  "fields": {
    "name": "front_page_list",
    "content_type": "List"
  }
},
{
  "model": "epr.content",
  "pk": 33,
  "fields": {
    "name": "button_start",
    "content_type": "Text"
  }
},
{
  "model": "epr.content",
  "pk": 34,
  "fields": {
    "name": "footer_privacy",
    "content_type": "Text"
  }
},
{
  "model": "epr.content",
  "pk": 46,
  "fields": {
    "name": "antepartum_haemorrhage",
    "content_type": "Complication"
  }
},
{
  "model": "epr.content",
  "pk": 47,
  "fields": {
    "name": "caesarean_section",
    "content_type": "Complication"
  }
},
{
  "model": "epr.content",
  "pk": 48,
  "fields": {
    "name": "gestational_diabetes_mellitus",
    "content_type": "Complication"
  }
},
{
  "model": "epr.content",
  "pk": 49,
  "fields": {
    "name": "hyperemesis_gravidarum",
    "content_type": "Complication"
  }
},
{
  "model": "epr.content",
  "pk": 50,
  "fields": {
    "name": "miscarriage",
    "content_type": "Complication"
  }
},
{
  "model": "epr.content",
  "pk": 51,
  "fields": {
    "name": "placental_complications",
    "content_type": "Complication"
  }
},
{
  "model": "epr.content",
  "pk": 52,
  "fields": {
    "name": "postpartum_depression",
    "content_type": "Complication"
  }
},
{
  "model": "epr.content",
  "pk": 53,
  "fields": {
    "name": "pre-term_birth",
    "content_type": "Complication"
  }
},
{
  "model": "epr.content",
  "pk": 54,
  "fields": {
    "name": "preeclampsia",
    "content_type": "Complication"
  }
},
{
  "model": "epr.content",
  "pk": 55,
  "fields": {
    "name": "still_birth",
    "content_type": "Complication"
  }
},
{
  "model": "epr.content",
  "pk": 56,
  "fields": {
    "name": "thrombosis",
    "content_type": "Complication"
  }
},
{
  "model": "epr.content",
  "pk": 57,
  "fields": {
    "name": "percentage_of_pregnancies",
    "content_type": "Text"
  }
},
{
  "model": "epr.content",
  "pk": 58,
  "fields": {
    "name": "chronic_hypertension",
    "content_type": "Question"
  }
},
{
  "model": "epr.content",
  "pk": 59,
  "fields": {
    "name": "systemic_lupus_erythematosus",
    "content_type": "Question"
  }
},
{
  "model": "epr.content",
  "pk": 60,
  "fields": {
    "name": "conception_by_ivf",
    "content_type": "Question"
  }
},
{
  "model": "epr.content",
  "pk": 63,
  "fields": {
    "name": "gestational_age",
    "content_type": "Question"
  }
},
{
  "model": "epr.content",
  "pk": 64,
  "fields": {
    "name": "interpregnancy_interval",
    "content_type": "Question"
  }
},
{
  "model": "epr.content",
  "pk": 65,
  "fields": {
    "name": "preeclampsia_familiy",
    "content_type": "Question"
  }
},
{
  "model": "epr.content",
  "pk": 66,
  "fields": {
    "name": "gdm",
    "content_type": "Question"
  }
},
{
  "model": "epr.content",
  "pk": 67,
  "fields": {
    "name": "smoking",
    "content_type": "Question"
  }
},
{
  "model": "epr.content",
  "pk": 68,
  "fields": {
    "name": "stress",
    "content_type": "Question"
  }
},
{
  "model": "epr.content",
  "pk": 69,
  "fields": {
    "name": "previous_preterm",
    "content_type": "Question"
  }
},
{
  "model": "epr.content",
  "pk": 70,
  "fields": {
    "name": "cervical_surgery",
    "content_type": "Question"
  }
},
{
  "model": "epr.content",
  "pk": 71,
  "fields": {
    "name": "multiple_gestations",
    "content_type": "Question"
  }
},
{
  "model": "epr.content",
  "pk": 72,
  "fields": {
    "name": "hepatitis_c",
    "content_type": "Question"
  }
},
{
  "model": "epr.content",
  "pk": 73,
  "fields": {
    "name": "hypertension",
    "content_type": "Question"
  }
},
{
  "model": "epr.content",
  "pk": 74,
  "fields": {
    "name": "eclampsia",
    "content_type": "Question"
  }
},
{
  "model": "epr.content",
  "pk": 75,
  "fields": {
    "name": "infertility_treatment",
    "content_type": "Question"
  }
},
{
  "model": "epr.content",
  "pk": 76,
  "fields": {
    "name": "gonorhea",
    "content_type": "Question"
  }
},
{
  "model": "epr.content",
  "pk": 77,
  "fields": {
    "name": "syphilis",
    "content_type": "Question"
  }
},
{
  "model": "epr.content",
  "pk": 78,
  "fields": {
    "name": "higher_education",
    "content_type": "Question"
  }
},
{
  "model": "epr.content",
  "pk": 79,
  "fields": {
    "name": "nausea",
    "content_type": "Question"
  }
},
{
  "model": "epr.content",
  "pk": 80,
  "fields": {
    "name": "paternal_age",
    "content_type": "Question"
  }
},
{
  "model": "epr.content",
  "pk": 81,
  "fields": {
    "name": "previous_miscarriages",
    "content_type": "Question"
  }
},
{
  "model": "epr.content",
  "pk": 82,
  "fields": {
    "name": "miscarriage_family",
    "content_type": "Question"
  }
},
{
  "model": "epr.content",
  "pk": 83,
  "fields": {
    "name": "adverse_childhood_1",
    "content_type": "Question"
  }
},
{
  "model": "epr.content",
  "pk": 84,
  "fields": {
    "name": "adverse_childhood_2",
    "content_type": "Question"
  }
},
{
  "model": "epr.content",
  "pk": 85,
  "fields": {
    "name": "adverse_childhood_3",
    "content_type": "Question"
  }
},
{
  "model": "epr.content",
  "pk": 86,
  "fields": {
    "name": "adverse_childhood_4",
    "content_type": "Question"
  }
},
{
  "model": "epr.content",
  "pk": 87,
  "fields": {
    "name": "adverse_childhood_5",
    "content_type": "Question"
  }
},
{
  "model": "epr.content",
  "pk": 88,
  "fields": {
    "name": "adverse_childhood_6",
    "content_type": "Question"
  }
},
{
  "model": "epr.content",
  "pk": 89,
  "fields": {
    "name": "adverse_childhood_7",
    "content_type": "Question"
  }
},
{
  "model": "epr.content",
  "pk": 90,
  "fields": {
    "name": "adverse_childhood_8",
    "content_type": "Question"
  }
},
{
  "model": "epr.content",
  "pk": 91,
  "fields": {
    "name": "preeclampsia",
    "content_type": "Question"
  }
},
{
  "model": "epr.content",
  "pk": 92,
  "fields": {
    "name": "night_shift_frequency",
    "content_type": "Question"
  }
},
{
  "model": "epr.content",
  "pk": 93,
  "fields": {
    "name": "alcohol",
    "content_type": "Question"
  }
},
{
  "model": "epr.content",
  "pk": 94,
  "fields": {
    "name": "percieved_stress_1",
    "content_type": "Question"
  }
},
{
  "model": "epr.content",
  "pk": 95,
  "fields": {
    "name": "percieved_stress_2",
    "content_type": "Question"
  }
},
{
  "model": "epr.content",
  "pk": 96,
  "fields": {
    "name": "percieved_stress_3",
    "content_type": "Question"
  }
},
{
  "model": "epr.content",
  "pk": 97,
  "fields": {
    "name": "percieved_stress_4",
    "content_type": "Question"
  }
},
{
  "model": "epr.content",
  "pk": 98,
  "fields": {
    "name": "percieved_stress_5",
    "content_type": "Question"
  }
},
{
  "model": "epr.content",
  "pk": 99,
  "fields": {
    "name": "percieved_stress_6",
    "content_type": "Question"
  }
},
{
  "model": "epr.content",
  "pk": 100,
  "fields": {
    "name": "percieved_stress_7",
    "content_type": "Question"
  }
},
{
  "model": "epr.content",
  "pk": 101,
  "fields": {
    "name": "percieved_stress_8",
    "content_type": "Question"
  }
},
{
  "model": "epr.content",
  "pk": 102,
  "fields": {
    "name": "high_energy",
    "content_type": "Question"
  }
},
{
  "model": "epr.content",
  "pk": 103,
  "fields": {
    "name": "sex",
    "content_type": "Question"
  }
},
{
  "model": "epr.content",
  "pk": 104,
  "fields": {
    "name": "infection",
    "content_type": "Question"
  }
},
{
  "model": "epr.content",
  "pk": 105,
  "fields": {
    "name": "rhesus_disease",
    "content_type": "Question"
  }
},
{
  "model": "epr.content",
  "pk": 106,
  "fields": {
    "name": "education_years",
    "content_type": "Question"
  }
},
{
  "model": "epr.content",
  "pk": 107,
  "fields": {
    "name": "stressfull_event",
    "content_type": "Question"
  }
},
{
  "model": "epr.content",
  "pk": 108,
  "fields": {
    "name": "mood_disorder",
    "content_type": "Question"
  }
},
{
  "model": "epr.content",
  "pk": 109,
  "fields": {
    "name": "child_problems",
    "content_type": "Question"
  }
},
{
  "model": "epr.content",
  "pk": 110,
  "fields": {
    "name": "chicken_pox",
    "content_type": "Question"
  }
},
{
  "model": "epr.content",
  "pk": 111,
  "fields": {
    "name": "gynecological_inflammation",
    "content_type": "Question"
  }
},
{
  "model": "epr.content",
  "pk": 112,
  "fields": {
    "name": "infant_weight",
    "content_type": "Question"
  }
},
{
  "model": "epr.content",
  "pk": 113,
  "fields": {
    "name": "lacking_support",
    "content_type": "Question"
  }
},
{
  "model": "epr.content",
  "pk": 114,
  "fields": {
    "name": "infant_admission",
    "content_type": "Question"
  }
},
{
  "model": "epr.content",
  "pk": 115,
  "fields": {
    "name": "relationship_problems",
    "content_type": "Question"
  }
},
{
  "model": "epr.content",
  "pk": 116,
  "fields": {
    "name": "unplanned",
    "content_type": "Question"
  }
},
{
  "model": "epr.content",
  "pk": 121,
  "fields": {
    "name": "severity_low",
    "content_type": "Text"
  }
},
{
  "model": "epr.content",
  "pk": 122,
  "fields": {
    "name": "severity_increased",
    "content_type": "Text"
  }
},
{
  "model": "epr.content",
  "pk": 123,
  "fields": {
    "name": "severity_high",
    "content_type": "Text"
  }
},
{
  "model": "epr.content",
  "pk": 124,
  "fields": {
    "name": "severity_very_high",
    "content_type": "Text"
  }
},
{
  "model": "epr.content",
  "pk": 125,
  "fields": {
    "name": "severity_moderate",
    "content_type": "Text"
  }
},
{
  "model": "epr.content",
  "pk": 126,
  "fields": {
    "name": "ethnicity_white",
    "content_type": "Text"
  }
},
{
  "model": "epr.content",
  "pk": 127,
  "fields": {
    "name": "other",
    "content_type": "Text"
  }
},
{
  "model": "epr.content",
  "pk": 128,
  "fields": {
    "name": "ethnicity_black",
    "content_type": "Text"
  }
},
{
  "model": "epr.content",
  "pk": 129,
  "fields": {
    "name": "ethnicity_afro_caribbean",
    "content_type": "Text"
  }
},
{
  "model": "epr.content",
  "pk": 130,
  "fields": {
    "name": "ethnicity_south_asian",
    "content_type": "Text"
  }
},
{
  "model": "epr.content",
  "pk": 131,
  "fields": {
    "name": "button_previous",
    "content_type": "Text"
  }
},
{
  "model": "epr.content",
  "pk": 132,
  "fields": {
    "name": "skipped_warning_singular",
    "content_type": "Text"
  }
},
{
  "model": "epr.content",
  "pk": 133,
  "fields": {
    "name": "skipped_warning_plural",
    "content_type": "Text"
  }
},
{
  "model": "epr.content",
  "pk": 134,
  "fields": {
    "name": "loading_risk",
    "content_type": "Text"
  }
},
{
  "model": "epr.content",
  "pk": 135,
  "fields": {
    "name": "loading",
    "content_type": "Text"
  }
},
{
  "model": "epr.translation",
  "pk": 1,
  "fields": {
    "language_code": 1,
    "belongs_to": 1,
    "text": "What is your age?"
  }
},
{
  "model": "epr.translation",
  "pk": 2,
  "fields": {
    "language_code": 1,
    "belongs_to": 2,
    "text": "What is your height?"
  }
},
{
  "model": "epr.translation",
  "pk": 3,
  "fields": {
    "language_code": 2,
    "belongs_to": 2,
    "text": "Hva er din hyde?"
  }
},
{
  "model": "epr.translation",
  "pk": 4,
  "fields": {
    "language_code": 2,
    "belongs_to": 1,
    "text": "Hva er din alder?"
  }
},
{
  "model": "epr.translation",
  "pk": 5,
  "fields": {
    "language_code": 1,
    "belongs_to": 3,
    "text": "Pregnant or planning for a baby? This tool will make you assess your health status for a healthy pregnancy and a complication free birth. By filling in your personal health measurements, this tool will estimate risk for developing common pregnancy complications below."
  }
},
{
  "model": "epr.translation",
  "pk": 6,
  "fields": {
    "language_code": 3,
    "belongs_to": 1,
    "text": "Quel ge avez-vous?"
  }
},
{
  "model": "epr.translation",
  "pk": 7,
  "fields": {
    "language_code": 1,
    "belongs_to": 4,
    "text": "How many times have you previously been pregnant, including births, miscarriages, and stillbirths?"
  }
},
{
  "model": "epr.translation",
  "pk": 8,
  "fields": {
    "language_code": 1,
    "belongs_to": 5,
    "text": "Do you currently have, or have previously had Gestational diabetes?"
  }
},
{
  "model": "epr.translation",
  "pk": 9,
  "fields": {
    "language_code": 1,
    "belongs_to": 6,
    "text": "Do you have any children with congenital disorder?"
  }
},
{
  "model": "epr.translation",
  "pk": 10,
  "fields": {
    "language_code": 1,
    "belongs_to": 7,
    "text": "Have you previously had any stillbirths?"
  }
},
{
  "model": "epr.translation",
  "pk": 11,
  "fields": {
    "language_code": 1,
    "belongs_to": 8,
    "text": "Have you had any miscarriages?"
  }
},
{
  "model": "epr.translation",
  "pk": 12,
  "fields": {
    "language_code": 1,
    "belongs_to": 9,
    "text": "Have you previously had a preterm birth?"
  }
},
{
  "model": "epr.translation",
  "pk": 13,
  "fields": {
    "language_code": 1,
    "belongs_to": 10,
    "text": "Have you had any children with Macrosomia?"
  }
},
{
  "model": "epr.translation",
  "pk": 14,
  "fields": {
    "language_code": 1,
    "belongs_to": 11,
    "text": "What is your weight?"
  }
},
{
  "model": "epr.translation",
  "pk": 15,
  "fields": {
    "language_code": 1,
    "belongs_to": 12,
    "text": "What is your ethnicity?"
  }
},
{
  "model": "epr.translation",
  "pk": 16,
  "fields": {
    "language_code": 1,
    "belongs_to": 13,
    "text": "Does your family have a history of diabetes?"
  }
},
{
  "model": "epr.translation",
  "pk": 17,
  "fields": {
    "language_code": 1,
    "belongs_to": 14,
    "text": "Do you have polycystic ovarian syndrome?"
  }
},
{
  "model": "epr.translation",
  "pk": 18,
  "fields": {
    "language_code": 1,
    "belongs_to": 15,
    "text": "Does your family have a history of high blood pressure?"
  }
},
{
  "model": "epr.translation",
  "pk": 19,
  "fields": {
    "language_code": 1,
    "belongs_to": 16,
    "text": "Do you have high blood pressure?"
  }
},
{
  "model": "epr.translation",
  "pk": 20,
  "fields": {
    "language_code": 1,
    "belongs_to": 17,
    "text": "Is your diet non-varied?"
  }
},
{
  "model": "epr.translation",
  "pk": 21,
  "fields": {
    "language_code": 1,
    "belongs_to": 18,
    "text": "Do you drink sugar/artificially sweetened beverages more than 4 times a week?"
  }
},
{
  "model": "epr.translation",
  "pk": 22,
  "fields": {
    "language_code": 1,
    "belongs_to": 26,
    "text": "Do you eat sweets such as ice cream, cakes, or cookies more than 2 times a week?"
  }
},
{
  "model": "epr.translation",
  "pk": 23,
  "fields": {
    "language_code": 1,
    "belongs_to": 19,
    "text": "Do you eat processed meat products more than zero times a week?"
  }
},
{
  "model": "epr.translation",
  "pk": 24,
  "fields": {
    "language_code": 1,
    "belongs_to": 20,
    "text": "Do you eat whole grain products less than 2 times a day?"
  }
},
{
  "model": "epr.translation",
  "pk": 25,
  "fields": {
    "language_code": 1,
    "belongs_to": 21,
    "text": "Do you consume dairy products less than 2 times a day?"
  }
},
{
  "model": "epr.translation",
  "pk": 26,
  "fields": {
    "language_code": 1,
    "belongs_to": 22,
    "text": "Do you have vitamin D intake less than 5 times a week?"
  }
},
{
  "model": "epr.translation",
  "pk": 27,
  "fields": {
    "language_code": 1,
    "belongs_to": 23,
    "text": "Do you excercise for at least 30min a day?"
  }
},
{
  "model": "epr.translation",
  "pk": 28,
  "fields": {
    "language_code": 1,
    "belongs_to": 24,
    "text": "Do you take part in vigorous exercise?"
  }
},
{
  "model": "epr.translation",
  "pk": 29,
  "fields": {
    "language_code": 1,
    "belongs_to": 25,
    "text": "Do you climb at least 10 stairs a day?"
  }
},
{
  "model": "epr.translation",
  "pk": 30,
  "fields": {
    "language_code": 2,
    "belongs_to": 11,
    "text": "Hva er din vekt?"
  }
},
{
  "model": "epr.translation",
  "pk": 31,
  "fields": {
    "language_code": 2,
    "belongs_to": 25,
    "text": "Klatrer du minst 10 trapper om dagen?"
  }
},
{
  "model": "epr.translation",
  "pk": 32,
  "fields": {
    "language_code": 2,
    "belongs_to": 24,
    "text": "Tar du del i energisk trening?"
  }
},
{
  "model": "epr.translation",
  "pk": 33,
  "fields": {
    "language_code": 2,
    "belongs_to": 23,
    "text": "Trener du i minst 30 minutter om dagen?"
  }
},
{
  "model": "epr.translation",
  "pk": 34,
  "fields": {
    "language_code": 2,
    "belongs_to": 15,
    "text": "Har familien din en historie med hyt blodtrykk?"
  }
},
{
  "model": "epr.translation",
  "pk": 35,
  "fields": {
    "language_code": 2,
    "belongs_to": 16,
    "text": "Har du hyt blodtrykk?"
  }
},
{
  "model": "epr.translation",
  "pk": 36,
  "fields": {
    "language_code": 2,
    "belongs_to": 21,
    "text": "Spiser du meieriprodukter mindre enn 2 ganger om dagen?"
  }
},
{
  "model": "epr.translation",
  "pk": 37,
  "fields": {
    "language_code": 2,
    "belongs_to": 17,
    "text": "Er kostholdet ditt ikke variert?"
  }
},
{
  "model": "epr.translation",
  "pk": 38,
  "fields": {
    "language_code": 2,
    "belongs_to": 19,
    "text": "Spiser du prosesserte kjttprodukter mer enn null ganger i uken?"
  }
},
{
  "model": "epr.translation",
  "pk": 39,
  "fields": {
    "language_code": 2,
    "belongs_to": 18,
    "text": "Drikker du sukker / kunstig ste drikker mer enn 4 ganger i uken?"
  }
},
{
  "model": "epr.translation",
  "pk": 40,
  "fields": {
    "language_code": 2,
    "belongs_to": 26,
    "text": "Spiser du stsaker som iskrem, kaker eller kjeks mer enn 2 ganger i uken?"
  }
},
{
  "model": "epr.translation",
  "pk": 41,
  "fields": {
    "language_code": 2,
    "belongs_to": 22,
    "text": "Har du vitamin D inntak mindre enn 5 ganger i uken?"
  }
},
{
  "model": "epr.translation",
  "pk": 42,
  "fields": {
    "language_code": 2,
    "belongs_to": 20,
    "text": "Spiser du fullkornsprodukter mindre enn 2 ganger om dagen?"
  }
},
{
  "model": "epr.translation",
  "pk": 43,
  "fields": {
    "language_code": 2,
    "belongs_to": 13,
    "text": "Har familien din en historie med diabetes?"
  }
},
{
  "model": "epr.translation",
  "pk": 44,
  "fields": {
    "language_code": 2,
    "belongs_to": 4,
    "text": "Hvor mange ganger har du tidligere vrt gravid, inkludert fdsler, spontanaborter og ddfdsler?"
  }
},
{
  "model": "epr.translation",
  "pk": 45,
  "fields": {
    "language_code": 2,
    "belongs_to": 6,
    "text": "Har du noen barn med medfdt lidelse?"
  }
},
{
  "model": "epr.translation",
  "pk": 46,
  "fields": {
    "language_code": 2,
    "belongs_to": 5,
    "text": "Har du for tiden eller har du tidligere hatt svangerskapsdiabetes?"
  }
},
{
  "model": "epr.translation",
  "pk": 47,
  "fields": {
    "language_code": 2,
    "belongs_to": 10,
    "text": "Har du hatt noen barn med makrosomi?"
  }
},
{
  "model": "epr.translation",
  "pk": 48,
  "fields": {
    "language_code": 2,
    "belongs_to": 8,
    "text": "Har du hatt spontanaborter?"
  }
},
{
  "model": "epr.translation",
  "pk": 49,
  "fields": {
    "language_code": 2,
    "belongs_to": 9,
    "text": "Har du tidligere fdt for tidlig?"
  }
},
{
  "model": "epr.translation",
  "pk": 50,
  "fields": {
    "language_code": 2,
    "belongs_to": 7,
    "text": "Har du tidligere hatt ddfdsler?"
  }
},
{
  "model": "epr.translation",
  "pk": 51,
  "fields": {
    "language_code": 2,
    "belongs_to": 14,
    "text": "Har du polycystisk ovariesyndrom?"
  }
},
{
  "model": "epr.translation",
  "pk": 52,
  "fields": {
    "language_code": 2,
    "belongs_to": 12,
    "text": "Er du etnisk hvit?"
  }
},
{
  "model": "epr.translation",
  "pk": 53,
  "fields": {
    "language_code": 3,
    "belongs_to": 25,
    "text": "Montez-vous au moins 10 marches par jour?"
  }
},
{
  "model": "epr.translation",
  "pk": 54,
  "fields": {
    "language_code": 3,
    "belongs_to": 24,
    "text": "Faites-vous un exercice vigoureux?"
  }
},
{
  "model": "epr.translation",
  "pk": 55,
  "fields": {
    "language_code": 3,
    "belongs_to": 23,
    "text": "Faites-vous de l'exercice pendant au moins 30 minutes par jour?"
  }
},
{
  "model": "epr.translation",
  "pk": 56,
  "fields": {
    "language_code": 3,
    "belongs_to": 15,
    "text": "Votre famille a-t-elle des antcdents d'hypertension artrielle?"
  }
},
{
  "model": "epr.translation",
  "pk": 57,
  "fields": {
    "language_code": 3,
    "belongs_to": 16,
    "text": "Avez-vous de l'hypertension?"
  }
},
{
  "model": "epr.translation",
  "pk": 58,
  "fields": {
    "language_code": 3,
    "belongs_to": 21,
    "text": "Consommez-vous des produits laitiers moins de 2 fois par jour?"
  }
},
{
  "model": "epr.translation",
  "pk": 59,
  "fields": {
    "language_code": 3,
    "belongs_to": 17,
    "text": "Votre alimentation est-elle non varie?"
  }
},
{
  "model": "epr.translation",
  "pk": 60,
  "fields": {
    "language_code": 3,
    "belongs_to": 19,
    "text": "Mangez-vous des produits carns transforms plus de zro fois par semaine?"
  }
},
{
  "model": "epr.translation",
  "pk": 61,
  "fields": {
    "language_code": 3,
    "belongs_to": 18,
    "text": "Buvez-vous du sucre / des boissons sucres artificiellement plus de 4 fois par semaine?"
  }
},
{
  "model": "epr.translation",
  "pk": 62,
  "fields": {
    "language_code": 3,
    "belongs_to": 26,
    "text": "Mangez-vous des bonbons tels que de la crme glace, des gteaux ou des biscuits plus de 2 fois par semaine?"
  }
},
{
  "model": "epr.translation",
  "pk": 63,
  "fields": {
    "language_code": 3,
    "belongs_to": 22,
    "text": "Avez-vous un apport en vitamine D moins de 5 fois par semaine?"
  }
},
{
  "model": "epr.translation",
  "pk": 64,
  "fields": {
    "language_code": 3,
    "belongs_to": 20,
    "text": "Mangez-vous des produits  grains entiers moins de 2 fois par jour?"
  }
},
{
  "model": "epr.translation",
  "pk": 65,
  "fields": {
    "language_code": 3,
    "belongs_to": 13,
    "text": "Votre famille a-t-elle des antcdents de diabte?"
  }
},
{
  "model": "epr.translation",
  "pk": 66,
  "fields": {
    "language_code": 3,
    "belongs_to": 2,
    "text": "Quelle est ta taille?"
  }
},
{
  "model": "epr.translation",
  "pk": 67,
  "fields": {
    "language_code": 3,
    "belongs_to": 4,
    "text": "Combien de fois avez-vous dj t enceinte, y compris des naissances, des fausses couches et des mortinaissances?"
  }
},
{
  "model": "epr.translation",
  "pk": 68,
  "fields": {
    "language_code": 3,
    "belongs_to": 6,
    "text": "Avez-vous des enfants atteints de troubles congnitaux?"
  }
},
{
  "model": "epr.translation",
  "pk": 69,
  "fields": {
    "language_code": 3,
    "belongs_to": 5,
    "text": "Souffrez-vous actuellement ou avez dj souffert de diabte gestationnel?"
  }
},
{
  "model": "epr.translation",
  "pk": 70,
  "fields": {
    "language_code": 3,
    "belongs_to": 10,
    "text": "Avez-vous eu des enfants atteints de macrosomie?"
  }
},
{
  "model": "epr.translation",
  "pk": 71,
  "fields": {
    "language_code": 3,
    "belongs_to": 8,
    "text": "Avez-vous fait des fausses couches?"
  }
},
{
  "model": "epr.translation",
  "pk": 72,
  "fields": {
    "language_code": 3,
    "belongs_to": 9,
    "text": "Avez-vous dj eu une naissance prmature?"
  }
},
{
  "model": "epr.translation",
  "pk": 73,
  "fields": {
    "language_code": 3,
    "belongs_to": 7,
    "text": "Avez-vous dj eu des mortinaissances?"
  }
},
{
  "model": "epr.translation",
  "pk": 74,
  "fields": {
    "language_code": 3,
    "belongs_to": 14,
    "text": "Souffrez-vous du syndrome des ovaires polykystiques?"
  }
},
{
  "model": "epr.translation",
  "pk": 75,
  "fields": {
    "language_code": 3,
    "belongs_to": 11,
    "text": "Quel est votre poids?"
  }
},
{
  "model": "epr.translation",
  "pk": 76,
  "fields": {
    "language_code": 3,
    "belongs_to": 12,
    "text": "tes-vous ethniquement blanc?"
  }
},
{
  "model": "epr.translation",
  "pk": 77,
  "fields": {
    "language_code": 1,
    "belongs_to": 27,
    "text": "Yes"
  }
},
{
  "model": "epr.translation",
  "pk": 78,
  "fields": {
    "language_code": 1,
    "belongs_to": 28,
    "text": "No"
  }
},
{
  "model": "epr.translation",
  "pk": 79,
  "fields": {
    "language_code": 1,
    "belongs_to": 29,
    "text": "Skip"
  }
},
{
  "model": "epr.translation",
  "pk": 80,
  "fields": {
    "language_code": 1,
    "belongs_to": 30,
    "text": "Continue"
  }
},
{
  "model": "epr.translation",
  "pk": 81,
  "fields": {
    "language_code": 1,
    "belongs_to": 31,
    "text": "It is important to note that the tool will provide you with the risk of an average woman with your health measures and NOT your personal risk score. It is also important to note that the model does not take into many other psychosocial factors affecting maternal outcome."
  }
},
{
  "model": "epr.translation",
  "pk": 82,
  "fields": {
    "language_code": 1,
    "belongs_to": 32,
    "text": "Miscarriage;Gestational Diabetes Mellitus;Preeclampsia;Pre-term birth;Still birth;Caesarean section;Postpartum depression"
  }
},
{
  "model": "epr.translation",
  "pk": 83,
  "fields": {
    "language_code": 1,
    "belongs_to": 33,
    "text": "Start Risk Assessment"
  }
},
{
  "model": "epr.translation",
  "pk": 84,
  "fields": {
    "language_code": 1,
    "belongs_to": 34,
    "text": "Click here to read about our privacy policy"
  }
},
{
  "model": "epr.translation",
  "pk": 85,
  "fields": {
    "language_code": 2,
    "belongs_to": 28,
    "text": "Nei"
  }
},
{
  "model": "epr.translation",
  "pk": 86,
  "fields": {
    "language_code": 2,
    "belongs_to": 27,
    "text": "Ja"
  }
},
{
  "model": "epr.translation",
  "pk": 87,
  "fields": {
    "language_code": 2,
    "belongs_to": 29,
    "text": "Hopp over"
  }
},
{
  "model": "epr.translation",
  "pk": 88,
  "fields": {
    "language_code": 2,
    "belongs_to": 30,
    "text": "Fortsett"
  }
},
{
  "model": "epr.translation",
  "pk": 89,
  "fields": {
    "language_code": 2,
    "belongs_to": 31,
    "text": "Det er viktig  merke seg at verktyet vil gi deg risikoen for en gjennomsnittlig kvinne med dine helsemessige tiltak og IKKE din personlige risikoscore. Det er ogs viktig  merke seg at modellen ikke tar inn mange andre psykososiale faktorer som pvirker mors utfall."
  }
},
{
  "model": "epr.translation",
  "pk": 90,
  "fields": {
    "language_code": 2,
    "belongs_to": 3,
    "text": "Gravid eller planlegger du en baby? Dette verktyet vil f deg til  vurdere din helsestatus for en sunn graviditet og en komplikasjonsfri fdsel. Ved  fylle ut dine personlige helsemlinger, vil dette verktyet estimere risikoen for  utvikle vanlige graviditetskomplikasjoner nedenfor."
  }
},
{
  "model": "epr.translation",
  "pk": 91,
  "fields": {
    "language_code": 2,
    "belongs_to": 32,
    "text": "Abort;Svangerskapsdiabetes Mellitus;Svangerskapsforgiftning;For tidlig fdsel;Ddfdsel;Keisersnitt;Postpartum depresjon"
  }
},
{
  "model": "epr.translation",
  "pk": 92,
  "fields": {
    "language_code": 2,
    "belongs_to": 33,
    "text": "Start Risikovurdering"
  }
},
{
  "model": "epr.translation",
  "pk": 93,
  "fields": {
    "language_code": 2,
    "belongs_to": 34,
    "text": "Klikk for  lese om personvernreglene vre"
  }
},
{
  "model": "epr.translation",
  "pk": 94,
  "fields": {
    "language_code": 3,
    "belongs_to": 34,
    "text": "Cliquez pour lire notre politique de confidentialit"
  }
},
{
  "model": "epr.translation",
  "pk": 95,
  "fields": {
    "language_code": 3,
    "belongs_to": 3,
    "text": "Vous tes enceinte ou prvoyez un bb? Cet outil vous fera valuer votre tat de sant pour une grossesse en bonne sant et une naissance sans complications. En remplissant vos mesures de sant personnelles, cet outil valuera ci-dessous le risque de dvelopper des complications de grossesse courantes."
  }
},
{
  "model": "epr.translation",
  "pk": 96,
  "fields": {
    "language_code": 3,
    "belongs_to": 31,
    "text": "Il est important de noter que l'outil vous fournira le risque d'une femme moyenne avec vos mesures de sant et NON votre score de risque personnel. Il est galement important de noter que le modle ne prend pas en compte de nombreux autres facteurs psychosociaux affectant le devenir maternel."
  }
},
{
  "model": "epr.translation",
  "pk": 97,
  "fields": {
    "language_code": 3,
    "belongs_to": 27,
    "text": "Oui"
  }
},
{
  "model": "epr.translation",
  "pk": 98,
  "fields": {
    "language_code": 3,
    "belongs_to": 28,
    "text": "Non"
  }
},
{
  "model": "epr.translation",
  "pk": 99,
  "fields": {
    "language_code": 3,
    "belongs_to": 29,
    "text": "Sauter"
  }
},
{
  "model": "epr.translation",
  "pk": 100,
  "fields": {
    "language_code": 3,
    "belongs_to": 30,
    "text": "Continuez"
  }
},
{
  "model": "epr.translation",
  "pk": 101,
  "fields": {
    "language_code": 3,
    "belongs_to": 32,
    "text": "Fausse-couche;Diabte sucr gestationnel;Prclampsie;Naissance prmature;Nature morte;Csarienne;Dpression postpartum"
  }
},
{
  "model": "epr.translation",
  "pk": 102,
  "fields": {
    "language_code": 3,
    "belongs_to": 33,
    "text": "Commencer l'valuation"
  }
},
{
  "model": "epr.translation",
  "pk": 108,
  "fields": {
    "language_code": 1,
    "belongs_to": 46,
    "text": "Antepartum Haemorrhage"
  }
},
{
  "model": "epr.translation",
  "pk": 109,
  "fields": {
    "language_code": 1,
    "belongs_to": 47,
    "text": "Cesarean Section"
  }
},
{
  "model": "epr.translation",
  "pk": 110,
  "fields": {
    "language_code": 1,
    "belongs_to": 48,
    "text": "Gestational Diabetes Mellitus"
  }
},
{
  "model": "epr.translation",
  "pk": 111,
  "fields": {
    "language_code": 1,
    "belongs_to": 49,
    "text": "Hyperemesis Gravidarum"
  }
},
{
  "model": "epr.translation",
  "pk": 112,
  "fields": {
    "language_code": 1,
    "belongs_to": 50,
    "text": "Miscarriage"
  }
},
{
  "model": "epr.translation",
  "pk": 113,
  "fields": {
    "language_code": 1,
    "belongs_to": 51,
    "text": "Placental Complications"
  }
},
{
  "model": "epr.translation",
  "pk": 114,
  "fields": {
    "language_code": 1,
    "belongs_to": 52,
    "text": "Postpartum Depression"
  }
},
{
  "model": "epr.translation",
  "pk": 115,
  "fields": {
    "language_code": 1,
    "belongs_to": 53,
    "text": "Pre-term Birth"
  }
},
{
  "model": "epr.translation",
  "pk": 116,
  "fields": {
    "language_code": 1,
    "belongs_to": 54,
    "text": "Preeclampsia"
  }
},
{
  "model": "epr.translation",
  "pk": 117,
  "fields": {
    "language_code": 1,
    "belongs_to": 55,
    "text": "Still Birth"
  }
},
{
  "model": "epr.translation",
  "pk": 118,
  "fields": {
    "language_code": 1,
    "belongs_to": 56,
    "text": "Thrombosis"
  }
},
{
  "model": "epr.translation",
  "pk": 119,
  "fields": {
    "language_code": 1,
    "belongs_to": 57,
    "text": "% of pregancies"
  }
},
{
  "model": "epr.translation",
  "pk": 128,
  "fields": {
    "language_code": 1,
    "belongs_to": 121,
    "text": "Low risk"
  }
},
{
  "model": "epr.translation",
  "pk": 129,
  "fields": {
    "language_code": 2,
    "belongs_to": 121,
    "text": "Lav risiko"
  }
},
{
  "model": "epr.translation",
  "pk": 130,
  "fields": {
    "language_code": 1,
    "belongs_to": 122,
    "text": "Increased risk"
  }
},
{
  "model": "epr.translation",
  "pk": 131,
  "fields": {
    "language_code": 2,
    "belongs_to": 122,
    "text": "Forhyet risiko"
  }
},
{
  "model": "epr.translation",
  "pk": 132,
  "fields": {
    "language_code": 1,
    "belongs_to": 123,
    "text": "High risk"
  }
},
{
  "model": "epr.translation",
  "pk": 133,
  "fields": {
    "language_code": 2,
    "belongs_to": 123,
    "text": "Hy risiko"
  }
},
{
  "model": "epr.translation",
  "pk": 134,
  "fields": {
    "language_code": 2,
    "belongs_to": 124,
    "text": "Veldig hy risiko"
  }
},
{
  "model": "epr.translation",
  "pk": 135,
  "fields": {
    "language_code": 1,
    "belongs_to": 124,
    "text": "Very high risk"
  }
},
{
  "model": "epr.translation",
  "pk": 136,
  "fields": {
    "language_code": 1,
    "belongs_to": 125,
    "text": "Moderate risk"
  }
},
{
  "model": "epr.translation",
  "pk": 137,
  "fields": {
    "language_code": 2,
    "belongs_to": 125,
    "text": "Moderat risiko"
  }
},
{
  "model": "epr.translation",
  "pk": 139,
  "fields": {
    "language_code": 1,
    "belongs_to": 126,
    "text": "White"
  }
},
{
  "model": "epr.translation",
  "pk": 140,
  "fields": {
    "language_code": 1,
    "belongs_to": 127,
    "text": "Other"
  }
},
{
  "model": "epr.translation",
  "pk": 141,
  "fields": {
    "language_code": 1,
    "belongs_to": 128,
    "text": "Black"
  }
},
{
  "model": "epr.translation",
  "pk": 142,
  "fields": {
    "language_code": 1,
    "belongs_to": 129,
    "text": "Afro Caribbean"
  }
},
{
  "model": "epr.translation",
  "pk": 143,
  "fields": {
    "language_code": 1,
    "belongs_to": 130,
    "text": "South Asian"
  }
},
{
  "model": "epr.translation",
  "pk": 144,
  "fields": {
    "language_code": 1,
    "belongs_to": 131,
    "text": "Previous"
  }
},
{
  "model": "epr.translation",
  "pk": 145,
  "fields": {
    "language_code": 1,
    "belongs_to": 132,
    "text": "You skipped one question, this can affect your test results."
  }
},
{
  "model": "epr.translation",
  "pk": 146,
  "fields": {
    "language_code": 1,
    "belongs_to": 133,
    "text": "You skipped %d questions, this can affect your test results."
  }
},
{
  "model": "epr.translation",
  "pk": 147,
  "fields": {
    "language_code": 1,
    "belongs_to": 134,
    "text": "Calculating risk"
  }
},
{
  "model": "epr.translation",
  "pk": 148,
  "fields": {
    "language_code": 1,
    "belongs_to": 135,
    "text": "Loading"
  }
},
{
  "model": "epr.answertype",
  "pk": "boolean",
  "fields": {}
},
{
  "model": "epr.answertype",
  "pk": "integer",
  "fields": {}
},
{
  "model": "epr.answertype",
  "pk": "multiple",
  "fields": {}
},
{
  "model": "epr.complication_risk",
  "pk": 1,
  "fields": {
    "severity": "0",
    "related_complication": 48,
    "percentage": "5"
  }
},
{
  "model": "epr.complication_risk",
  "pk": 2,
  "fields": {
    "severity": "1",
    "related_complication": 48,
    "percentage": "15"
  }
},
{
  "model": "epr.complication_risk",
  "pk": 3,
  "fields": {
    "severity": "2",
    "related_complication": 48,
    "percentage": "20"
  }
},
{
  "model": "epr.complication_risk",
  "pk": 4,
  "fields": {
    "severity": "3",
    "related_complication": 48,
    "percentage": "40"
  }
},
{
  "model": "epr.complication_risk",
  "pk": 5,
  "fields": {
    "severity": "4",
    "related_complication": 48,
    "percentage": ">50"
  }
},
{
  "model": "epr.complication_risk",
  "pk": 6,
  "fields": {
    "severity": "0",
    "related_complication": 54,
    "percentage": "5"
  }
},
{
  "model": "epr.complication_risk",
  "pk": 7,
  "fields": {
    "severity": "1",
    "related_complication": 54,
    "percentage": "15"
  }
},
{
  "model": "epr.complication_risk",
  "pk": 8,
  "fields": {
    "severity": "2",
    "related_complication": 54,
    "percentage": "20"
  }
},
{
  "model": "epr.complication_risk",
  "pk": 9,
  "fields": {
    "severity": "3",
    "related_complication": 54,
    "percentage": "40"
  }
},
{
  "model": "epr.complication_risk",
  "pk": 10,
  "fields": {
    "severity": "4",
    "related_complication": 54,
    "percentage": ">50"
  }
},
{
  "model": "epr.complication_risk",
  "pk": 11,
  "fields": {
    "severity": "0",
    "related_complication": 53,
    "percentage": "5"
  }
},
{
  "model": "epr.complication_risk",
  "pk": 12,
  "fields": {
    "severity": "1",
    "related_complication": 53,
    "percentage": "15"
  }
},
{
  "model": "epr.complication_risk",
  "pk": 13,
  "fields": {
    "severity": "2",
    "related_complication": 53,
    "percentage": "20"
  }
},
{
  "model": "epr.complication_risk",
  "pk": 14,
  "fields": {
    "severity": "3",
    "related_complication": 53,
    "percentage": "40"
  }
},
{
  "model": "epr.complication_risk",
  "pk": 15,
  "fields": {
    "severity": "4",
    "related_complication": 53,
    "percentage": ">50"
  }
},
{
  "model": "epr.complication_risk",
  "pk": 16,
  "fields": {
    "severity": "0",
    "related_complication": 50,
    "percentage": "10"
  }
},
{
  "model": "epr.complication_risk",
  "pk": 17,
  "fields": {
    "severity": "1",
    "related_complication": 50,
    "percentage": "25"
  }
},
{
  "model": "epr.complication_risk",
  "pk": 18,
  "fields": {
    "severity": "2",
    "related_complication": 50,
    "percentage": "40"
  }
},
{
  "model": "epr.complication_risk",
  "pk": 19,
  "fields": {
    "severity": "3",
    "related_complication": 50,
    "percentage": ">50"
  }
},
{
  "model": "epr.complication_risk",
  "pk": 20,
  "fields": {
    "severity": "0",
    "related_complication": 55,
    "percentage": "10"
  }
},
{
  "model": "epr.complication_risk",
  "pk": 21,
  "fields": {
    "severity": "1",
    "related_complication": 55,
    "percentage": "25"
  }
},
{
  "model": "epr.complication_risk",
  "pk": 22,
  "fields": {
    "severity": "2",
    "related_complication": 55,
    "percentage": "40"
  }
},
{
  "model": "epr.complication_risk",
  "pk": 23,
  "fields": {
    "severity": "3",
    "related_complication": 55,
    "percentage": ">50"
  }
},
{
  "model": "epr.complication_risk",
  "pk": 24,
  "fields": {
    "severity": "0",
    "related_complication": 52,
    "percentage": "10"
  }
},
{
  "model": "epr.complication_risk",
  "pk": 25,
  "fields": {
    "severity": "1",
    "related_complication": 52,
    "percentage": "25"
  }
},
{
  "model": "epr.complication_risk",
  "pk": 26,
  "fields": {
    "severity": "2",
    "related_complication": 52,
    "percentage": "40"
  }
},
{
  "model": "epr.complication_risk",
  "pk": 27,
  "fields": {
    "severity": "3",
    "related_complication": 52,
    "percentage": ">50"
  }
},
{
  "model": "epr.complication_risk",
  "pk": 28,
  "fields": {
    "severity": "0",
    "related_complication": 47,
    "percentage": "15"
  }
},
{
  "model": "epr.complication_risk",
  "pk": 29,
  "fields": {
    "severity": "1",
    "related_complication": 47,
    "percentage": "30"
  }
},
{
  "model": "epr.complication_risk",
  "pk": 30,
  "fields": {
    "severity": "2",
    "related_complication": 47,
    "percentage": "45"
  }
},
{
  "model": "epr.complication_risk",
  "pk": 31,
  "fields": {
    "severity": "3",
    "related_complication": 47,
    "percentage": ">60"
  }
},
{
  "model": "epr.factor",
  "pk": "activity_stairs",
  "fields": {
    "question": 25,
    "answertype": "boolean",
    "unit": null,
    "skippable": true,
    "max_digits": null,
    "requirement": null,
    "parent_factor": null,
    "complications": []
  }
},
{
  "model": "epr.factor",
  "pk": "activity_vigorous",
  "fields": {
    "question": 24,
    "answertype": "boolean",
    "unit": null,
    "skippable": true,
    "max_digits": null,
    "requirement": null,
    "parent_factor": null,
    "complications": []
  }
},
{
  "model": "epr.factor",
  "pk": "activity_walking_minute",
  "fields": {
    "question": 23,
    "answertype": "boolean",
    "unit": null,
    "skippable": true,
    "max_digits": null,
    "requirement": null,
    "parent_factor": null,
    "complications": []
  }
},
{
  "model": "epr.factor",
  "pk": "adverse_childhood_1",
  "fields": {
    "question": 83,
    "answertype": "boolean",
    "unit": null,
    "skippable": true,
    "max_digits": null,
    "requirement": null,
    "parent_factor": null,
    "complications": []
  }
},
{
  "model": "epr.factor",
  "pk": "adverse_childhood_2",
  "fields": {
    "question": 84,
    "answertype": "boolean",
    "unit": null,
    "skippable": true,
    "max_digits": null,
    "requirement": null,
    "parent_factor": null,
    "complications": []
  }
},
{
  "model": "epr.factor",
  "pk": "adverse_childhood_3",
  "fields": {
    "question": 85,
    "answertype": "boolean",
    "unit": null,
    "skippable": true,
    "max_digits": null,
    "requirement": null,
    "parent_factor": null,
    "complications": []
  }
},
{
  "model": "epr.factor",
  "pk": "adverse_childhood_4",
  "fields": {
    "question": 86,
    "answertype": "boolean",
    "unit": null,
    "skippable": true,
    "max_digits": null,
    "requirement": null,
    "parent_factor": null,
    "complications": []
  }
},
{
  "model": "epr.factor",
  "pk": "adverse_childhood_5",
  "fields": {
    "question": 87,
    "answertype": "boolean",
    "unit": null,
    "skippable": true,
    "max_digits": null,
    "requirement": null,
    "parent_factor": null,
    "complications": []
  }
},
{
  "model": "epr.factor",
  "pk": "adverse_childhood_6",
  "fields": {
    "question": 88,
    "answertype": "boolean",
    "unit": null,
    "skippable": true,
    "max_digits": null,
    "requirement": null,
    "parent_factor": null,
    "complications": []
  }
},
{
  "model": "epr.factor",
  "pk": "adverse_childhood_7",
  "fields": {
    "question": 89,
    "answertype": "boolean",
    "unit": null,
    "skippable": true,
    "max_digits": null,
    "requirement": null,
    "parent_factor": null,
    "complications": []
  }
},
{
  "model": "epr.factor",
  "pk": "adverse_childhood_8",
  "fields": {
    "question": 90,
    "answertype": "boolean",
    "unit": null,
    "skippable": true,
    "max_digits": null,
    "requirement": null,
    "parent_factor": null,
    "complications": []
  }
},
{
  "model": "epr.factor",
  "pk": "age",
  "fields": {
    "question": 1,
    "answertype": "integer",
    "unit": null,
    "skippable": true,
    "max_digits": 2,
    "requirement": null,
    "parent_factor": null,
    "complications": []
  }
},
{
  "model": "epr.factor",
  "pk": "alcohol",
  "fields": {
    "question": 93,
    "answertype": "integer",
    "unit": null,
    "skippable": true,
    "max_digits": 2,
    "requirement": null,
    "parent_factor": null,
    "complications": []
  }
},
{
  "model": "epr.factor",
  "pk": "blood_pressure_family",
  "fields": {
    "question": 15,
    "answertype": "boolean",
    "unit": null,
    "skippable": true,
    "max_digits": null,
    "requirement": null,
    "parent_factor": null,
    "complications": []
  }
},
{
  "model": "epr.factor",
  "pk": "blood_pressure_not_family",
  "fields": {
    "question": 16,
    "answertype": "boolean",
    "unit": null,
    "skippable": true,
    "max_digits": null,
    "requirement": null,
    "parent_factor": null,
    "complications": []
  }
},
{
  "model": "epr.factor",
  "pk": "cervical_surgery",
  "fields": {
    "question": 70,
    "answertype": "boolean",
    "unit": null,
    "skippable": true,
    "max_digits": null,
    "requirement": null,
    "parent_factor": null,
    "complications": []
  }
},
{
  "model": "epr.factor",
  "pk": "chicken_pox",
  "fields": {
    "question": 110,
    "answertype": "boolean",
    "unit": null,
    "skippable": true,
    "max_digits": null,
    "requirement": null,
    "parent_factor": null,
    "complications": []
  }
},
{
  "model": "epr.factor",
  "pk": "child_problems",
  "fields": {
    "question": 109,
    "answertype": "boolean",
    "unit": null,
    "skippable": true,
    "max_digits": null,
    "requirement": null,
    "parent_factor": null,
    "complications": []
  }
},
{
  "model": "epr.factor",
  "pk": "chronic_hypertension",
  "fields": {
    "question": 58,
    "answertype": "boolean",
    "unit": null,
    "skippable": true,
    "max_digits": null,
    "requirement": null,
    "parent_factor": null,
    "complications": []
  }
},
{
  "model": "epr.factor",
  "pk": "conception_by_ivf",
  "fields": {
    "question": 60,
    "answertype": "boolean",
    "unit": null,
    "skippable": true,
    "max_digits": null,
    "requirement": null,
    "parent_factor": null,
    "complications": []
  }
},
{
  "model": "epr.factor",
  "pk": "congenital",
  "fields": {
    "question": 6,
    "answertype": "boolean",
    "unit": null,
    "skippable": true,
    "max_digits": null,
    "requirement": null,
    "parent_factor": "parity",
    "complications": []
  }
},
{
  "model": "epr.factor",
  "pk": "diabetes",
  "fields": {
    "question": 5,
    "answertype": "boolean",
    "unit": null,
    "skippable": true,
    "max_digits": null,
    "requirement": null,
    "parent_factor": null,
    "complications": []
  }
},
{
  "model": "epr.factor",
  "pk": "diet_diary",
  "fields": {
    "question": 21,
    "answertype": "boolean",
    "unit": null,
    "skippable": true,
    "max_digits": null,
    "requirement": null,
    "parent_factor": null,
    "complications": []
  }
},
{
  "model": "epr.factor",
  "pk": "diet_not_varied",
  "fields": {
    "question": 17,
    "answertype": "boolean",
    "unit": null,
    "skippable": true,
    "max_digits": null,
    "requirement": null,
    "parent_factor": null,
    "complications": []
  }
},
{
  "model": "epr.factor",
  "pk": "diet_processed_meat",
  "fields": {
    "question": 19,
    "answertype": "boolean",
    "unit": null,
    "skippable": true,
    "max_digits": null,
    "requirement": null,
    "parent_factor": null,
    "complications": []
  }
},
{
  "model": "epr.factor",
  "pk": "diet_sugar",
  "fields": {
    "question": 18,
    "answertype": "boolean",
    "unit": null,
    "skippable": true,
    "max_digits": null,
    "requirement": null,
    "parent_factor": null,
    "complications": []
  }
},
{
  "model": "epr.factor",
  "pk": "diet_sweets",
  "fields": {
    "question": 26,
    "answertype": "boolean",
    "unit": null,
    "skippable": true,
    "max_digits": null,
    "requirement": null,
    "parent_factor": null,
    "complications": []
  }
},
{
  "model": "epr.factor",
  "pk": "diet_vitamin_d",
  "fields": {
    "question": 22,
    "answertype": "boolean",
    "unit": null,
    "skippable": true,
    "max_digits": null,
    "requirement": null,
    "parent_factor": null,
    "complications": []
  }
},
{
  "model": "epr.factor",
  "pk": "diet_whole_grain",
  "fields": {
    "question": 20,
    "answertype": "boolean",
    "unit": null,
    "skippable": true,
    "max_digits": null,
    "requirement": null,
    "parent_factor": null,
    "complications": []
  }
},
{
  "model": "epr.factor",
  "pk": "eclampsia",
  "fields": {
    "question": 74,
    "answertype": "boolean",
    "unit": null,
    "skippable": true,
    "max_digits": null,
    "requirement": null,
    "parent_factor": null,
    "complications": []
  }
},
{
  "model": "epr.factor",
  "pk": "education_years",
  "fields": {
    "question": 106,
    "answertype": "integer",
    "unit": "2",
    "skippable": true,
    "max_digits": null,
    "requirement": null,
    "parent_factor": null,
    "complications": []
  }
},
{
  "model": "epr.factor",
  "pk": "ethnicity",
  "fields": {
    "question": 12,
    "answertype": "multiple",
    "unit": null,
    "skippable": true,
    "max_digits": null,
    "requirement": null,
    "parent_factor": null,
    "complications": []
  }
},
{
  "model": "epr.factor",
  "pk": "family_diabetes",
  "fields": {
    "question": 13,
    "answertype": "boolean",
    "unit": null,
    "skippable": true,
    "max_digits": null,
    "requirement": null,
    "parent_factor": null,
    "complications": []
  }
},
{
  "model": "epr.factor",
  "pk": "gdm",
  "fields": {
    "question": 66,
    "answertype": "boolean",
    "unit": null,
    "skippable": true,
    "max_digits": null,
    "requirement": null,
    "parent_factor": "parity",
    "complications": []
  }
},
{
  "model": "epr.factor",
  "pk": "gestational_age",
  "fields": {
    "question": 63,
    "answertype": "integer",
    "unit": null,
    "skippable": true,
    "max_digits": 2,
    "requirement": null,
    "parent_factor": null,
    "complications": []
  }
},
{
  "model": "epr.factor",
  "pk": "gonorhea",
  "fields": {
    "question": 76,
    "answertype": "boolean",
    "unit": null,
    "skippable": true,
    "max_digits": null,
    "requirement": null,
    "parent_factor": null,
    "complications": []
  }
},
{
  "model": "epr.factor",
  "pk": "gynecological_inflammation",
  "fields": {
    "question": 111,
    "answertype": "boolean",
    "unit": null,
    "skippable": true,
    "max_digits": null,
    "requirement": null,
    "parent_factor": null,
    "complications": []
  }
},
{
  "model": "epr.factor",
  "pk": "height",
  "fields": {
    "question": 2,
    "answertype": "integer",
    "unit": null,
    "skippable": true,
    "max_digits": 3,
    "requirement": null,
    "parent_factor": null,
    "complications": []
  }
},
{
  "model": "epr.factor",
  "pk": "hepatitis_c",
  "fields": {
    "question": 72,
    "answertype": "boolean",
    "unit": null,
    "skippable": true,
    "max_digits": null,
    "requirement": null,
    "parent_factor": null,
    "complications": []
  }
},
{
  "model": "epr.factor",
  "pk": "high_energy",
  "fields": {
    "question": 102,
    "answertype": "boolean",
    "unit": null,
    "skippable": true,
    "max_digits": null,
    "requirement": null,
    "parent_factor": null,
    "complications": []
  }
},
{
  "model": "epr.factor",
  "pk": "higher_education",
  "fields": {
    "question": 78,
    "answertype": "boolean",
    "unit": null,
    "skippable": true,
    "max_digits": null,
    "requirement": null,
    "parent_factor": null,
    "complications": []
  }
},
{
  "model": "epr.factor",
  "pk": "hypertension",
  "fields": {
    "question": 73,
    "answertype": "boolean",
    "unit": null,
    "skippable": true,
    "max_digits": null,
    "requirement": null,
    "parent_factor": null,
    "complications": []
  }
},
{
  "model": "epr.factor",
  "pk": "infant_admission",
  "fields": {
    "question": 114,
    "answertype": "boolean",
    "unit": null,
    "skippable": true,
    "max_digits": null,
    "requirement": null,
    "parent_factor": null,
    "complications": []
  }
},
{
  "model": "epr.factor",
  "pk": "infant_weight",
  "fields": {
    "question": 112,
    "answertype": "integer",
    "unit": null,
    "skippable": true,
    "max_digits": null,
    "requirement": null,
    "parent_factor": null,
    "complications": []
  }
},
{
  "model": "epr.factor",
  "pk": "infection",
  "fields": {
    "question": 104,
    "answertype": "boolean",
    "unit": null,
    "skippable": true,
    "max_digits": null,
    "requirement": null,
    "parent_factor": null,
    "complications": []
  }
},
{
  "model": "epr.factor",
  "pk": "infertility_treatment",
  "fields": {
    "question": 75,
    "answertype": "boolean",
    "unit": null,
    "skippable": true,
    "max_digits": null,
    "requirement": null,
    "parent_factor": null,
    "complications": []
  }
},
{
  "model": "epr.factor",
  "pk": "interpregnancy_interval",
  "fields": {
    "question": 64,
    "answertype": "integer",
    "unit": null,
    "skippable": true,
    "max_digits": 2,
    "requirement": null,
    "parent_factor": null,
    "complications": []
  }
},
{
  "model": "epr.factor",
  "pk": "lacking_support",
  "fields": {
    "question": 113,
    "answertype": "boolean",
    "unit": null,
    "skippable": true,
    "max_digits": null,
    "requirement": null,
    "parent_factor": null,
    "complications": []
  }
},
{
  "model": "epr.factor",
  "pk": "macrosomia",
  "fields": {
    "question": 10,
    "answertype": "boolean",
    "unit": null,
    "skippable": true,
    "max_digits": null,
    "requirement": null,
    "parent_factor": "parity",
    "complications": []
  }
},
{
  "model": "epr.factor",
  "pk": "miscarriage",
  "fields": {
    "question": 8,
    "answertype": "boolean",
    "unit": null,
    "skippable": true,
    "max_digits": null,
    "requirement": null,
    "parent_factor": "parity",
    "complications": []
  }
},
{
  "model": "epr.factor",
  "pk": "miscarriage_family",
  "fields": {
    "question": 82,
    "answertype": "boolean",
    "unit": null,
    "skippable": true,
    "max_digits": null,
    "requirement": null,
    "parent_factor": null,
    "complications": []
  }
},
{
  "model": "epr.factor",
  "pk": "mood_disorder",
  "fields": {
    "question": 108,
    "answertype": "boolean",
    "unit": null,
    "skippable": true,
    "max_digits": null,
    "requirement": null,
    "parent_factor": null,
    "complications": []
  }
},
{
  "model": "epr.factor",
  "pk": "multiple_gestations",
  "fields": {
    "question": 71,
    "answertype": "boolean",
    "unit": null,
    "skippable": true,
    "max_digits": null,
    "requirement": null,
    "parent_factor": null,
    "complications": []
  }
},
{
  "model": "epr.factor",
  "pk": "nausea",
  "fields": {
    "question": 79,
    "answertype": "boolean",
    "unit": null,
    "skippable": true,
    "max_digits": null,
    "requirement": null,
    "parent_factor": null,
    "complications": []
  }
},
{
  "model": "epr.factor",
  "pk": "night_shift_frequency",
  "fields": {
    "question": 92,
    "answertype": "integer",
    "unit": null,
    "skippable": true,
    "max_digits": 1,
    "requirement": null,
    "parent_factor": null,
    "complications": []
  }
},
{
  "model": "epr.factor",
  "pk": "parity",
  "fields": {
    "question": 4,
    "answertype": "integer",
    "unit": null,
    "skippable": true,
    "max_digits": 1,
    "requirement": ">;0",
    "parent_factor": null,
    "complications": []
  }
},
{
  "model": "epr.factor",
  "pk": "paternal_age",
  "fields": {
    "question": 80,
    "answertype": "integer",
    "unit": null,
    "skippable": true,
    "max_digits": 2,
    "requirement": null,
    "parent_factor": null,
    "complications": []
  }
},
{
  "model": "epr.factor",
  "pk": "percieved_stress_1",
  "fields": {
    "question": 94,
    "answertype": "boolean",
    "unit": null,
    "skippable": true,
    "max_digits": null,
    "requirement": null,
    "parent_factor": null,
    "complications": []
  }
},
{
  "model": "epr.factor",
  "pk": "percieved_stress_2",
  "fields": {
    "question": 95,
    "answertype": "boolean",
    "unit": null,
    "skippable": true,
    "max_digits": null,
    "requirement": null,
    "parent_factor": null,
    "complications": []
  }
},
{
  "model": "epr.factor",
  "pk": "percieved_stress_3",
  "fields": {
    "question": 96,
    "answertype": "boolean",
    "unit": null,
    "skippable": true,
    "max_digits": null,
    "requirement": null,
    "parent_factor": null,
    "complications": []
  }
},
{
  "model": "epr.factor",
  "pk": "percieved_stress_4",
  "fields": {
    "question": 97,
    "answertype": "boolean",
    "unit": null,
    "skippable": true,
    "max_digits": null,
    "requirement": null,
    "parent_factor": null,
    "complications": []
  }
},
{
  "model": "epr.factor",
  "pk": "percieved_stress_5",
  "fields": {
    "question": 98,
    "answertype": "boolean",
    "unit": null,
    "skippable": true,
    "max_digits": null,
    "requirement": null,
    "parent_factor": null,
    "complications": []
  }
},
{
  "model": "epr.factor",
  "pk": "percieved_stress_6",
  "fields": {
    "question": 99,
    "answertype": "boolean",
    "unit": null,
    "skippable": true,
    "max_digits": null,
    "requirement": null,
    "parent_factor": null,
    "complications": []
  }
},
{
  "model": "epr.factor",
  "pk": "percieved_stress_7",
  "fields": {
    "question": 100,
    "answertype": "boolean",
    "unit": null,
    "skippable": true,
    "max_digits": null,
    "requirement": null,
    "parent_factor": null,
    "complications": []
  }
},
{
  "model": "epr.factor",
  "pk": "percieved_stress_8",
  "fields": {
    "question": 101,
    "answertype": "boolean",
    "unit": null,
    "skippable": true,
    "max_digits": null,
    "requirement": null,
    "parent_factor": null,
    "complications": []
  }
},
{
  "model": "epr.factor",
  "pk": "polycystic",
  "fields": {
    "question": 14,
    "answertype": "boolean",
    "unit": null,
    "skippable": true,
    "max_digits": null,
    "requirement": null,
    "parent_factor": null,
    "complications": []
  }
},
{
  "model": "epr.factor",
  "pk": "preeclampsia",
  "fields": {
    "question": 91,
    "answertype": "boolean",
    "unit": null,
    "skippable": true,
    "max_digits": null,
    "requirement": null,
    "parent_factor": null,
    "complications": []
  }
},
{
  "model": "epr.factor",
  "pk": "preeclampsia_familiy",
  "fields": {
    "question": 65,
    "answertype": "boolean",
    "unit": null,
    "skippable": true,
    "max_digits": null,
    "requirement": null,
    "parent_factor": null,
    "complications": []
  }
},
{
  "model": "epr.factor",
  "pk": "preterm",
  "fields": {
    "question": 9,
    "answertype": "boolean",
    "unit": null,
    "skippable": true,
    "max_digits": null,
    "requirement": null,
    "parent_factor": "parity",
    "complications": []
  }
},
{
  "model": "epr.factor",
  "pk": "previous_miscarriage",
  "fields": {
    "question": 8,
    "answertype": "boolean",
    "unit": null,
    "skippable": true,
    "max_digits": null,
    "requirement": null,
    "parent_factor": "parity",
    "complications": []
  }
},
{
  "model": "epr.factor",
  "pk": "previous_miscarriages",
  "fields": {
    "question": 81,
    "answertype": "integer",
    "unit": null,
    "skippable": true,
    "max_digits": 1,
    "requirement": null,
    "parent_factor": null,
    "complications": []
  }
},
{
  "model": "epr.factor",
  "pk": "previous_preterm",
  "fields": {
    "question": 69,
    "answertype": "boolean",
    "unit": null,
    "skippable": true,
    "max_digits": null,
    "requirement": null,
    "parent_factor": null,
    "complications": []
  }
},
{
  "model": "epr.factor",
  "pk": "relationship_problems",
  "fields": {
    "question": 115,
    "answertype": "boolean",
    "unit": null,
    "skippable": true,
    "max_digits": null,
    "requirement": null,
    "parent_factor": null,
    "complications": []
  }
},
{
  "model": "epr.factor",
  "pk": "rhesus_disease",
  "fields": {
    "question": 105,
    "answertype": "boolean",
    "unit": null,
    "skippable": true,
    "max_digits": null,
    "requirement": null,
    "parent_factor": null,
    "complications": []
  }
},
{
  "model": "epr.factor",
  "pk": "sex",
  "fields": {
    "question": 103,
    "answertype": "integer",
    "unit": null,
    "skippable": true,
    "max_digits": 1,
    "requirement": null,
    "parent_factor": null,
    "complications": []
  }
},
{
  "model": "epr.factor",
  "pk": "smoking",
  "fields": {
    "question": 67,
    "answertype": "boolean",
    "unit": null,
    "skippable": true,
    "max_digits": null,
    "requirement": null,
    "parent_factor": null,
    "complications": []
  }
},
{
  "model": "epr.factor",
  "pk": "stillbirth",
  "fields": {
    "question": 7,
    "answertype": "boolean",
    "unit": null,
    "skippable": true,
    "max_digits": null,
    "requirement": null,
    "parent_factor": "parity",
    "complications": []
  }
},
{
  "model": "epr.factor",
  "pk": "stress",
  "fields": {
    "question": 68,
    "answertype": "boolean",
    "unit": null,
    "skippable": true,
    "max_digits": null,
    "requirement": null,
    "parent_factor": null,
    "complications": []
  }
},
{
  "model": "epr.factor",
  "pk": "stressfull_event",
  "fields": {
    "question": 107,
    "answertype": "boolean",
    "unit": null,
    "skippable": true,
    "max_digits": null,
    "requirement": null,
    "parent_factor": null,
    "complications": []
  }
},
{
  "model": "epr.factor",
  "pk": "syphilis",
  "fields": {
    "question": 77,
    "answertype": "boolean",
    "unit": null,
    "skippable": true,
    "max_digits": null,
    "requirement": null,
    "parent_factor": null,
    "complications": []
  }
},
{
  "model": "epr.factor",
  "pk": "systemic_lupus_erythematosus",
  "fields": {
    "question": 59,
    "answertype": "boolean",
    "unit": null,
    "skippable": true,
    "max_digits": null,
    "requirement": null,
    "parent_factor": null,
    "complications": []
  }
},
{
  "model": "epr.factor",
  "pk": "unplanned",
  "fields": {
    "question": 116,
    "answertype": "boolean",
    "unit": null,
    "skippable": true,
    "max_digits": null,
    "requirement": null,
    "parent_factor": null,
    "complications": []
  }
},
{
  "model": "epr.factor",
  "pk": "weight",
  "fields": {
    "question": 11,
    "answertype": "integer",
    "unit": null,
    "skippable": true,
    "max_digits": 3,
    "requirement": null,
    "parent_factor": null,
    "complications": []
  }
},
{
  "model": "epr.factorvalue",
  "pk": 1,
  "fields": {
    "content": 126,
    "value": 0,
    "belongs_to": "ethnicity"
  }
},
{
  "model": "epr.factorvalue",
  "pk": 2,
  "fields": {
    "content": 127,
    "value": 4,
    "belongs_to": "ethnicity"
  }
},
{
  "model": "epr.factorvalue",
  "pk": 3,
  "fields": {
    "content": 128,
    "value": 1,
    "belongs_to": "ethnicity"
  }
},
{
  "model": "epr.factorvalue",
  "pk": 4,
  "fields": {
    "content": 129,
    "value": 2,
    "belongs_to": "ethnicity"
  }
},
{
  "model": "epr.factorvalue",
  "pk": 5,
  "fields": {
    "content": 130,
    "value": 3,
    "belongs_to": "ethnicity"
  }
}
]
